-- phpMyAdmin SQL Dump
-- version 3.4.7.1
-- http://www.phpmyadmin.net
--
-- Host: localhost
-- Generation Time: May 16, 2016 at 03:54 PM
-- Server version: 5.5.46
-- PHP Version: 5.6.21

SET SQL_MODE="NO_AUTO_VALUE_ON_ZERO";
SET time_zone = "+00:00";


/*!40101 SET @OLD_CHARACTER_SET_CLIENT=@@CHARACTER_SET_CLIENT */;
/*!40101 SET @OLD_CHARACTER_SET_RESULTS=@@CHARACTER_SET_RESULTS */;
/*!40101 SET @OLD_COLLATION_CONNECTION=@@COLLATION_CONNECTION */;
/*!40101 SET NAMES utf8 */;

--
-- Database: `matrix`
--

-- --------------------------------------------------------

--
-- Table structure for table `faculty`
--

CREATE TABLE IF NOT EXISTS `faculty` (
  `faculty_id` varchar(16) NOT NULL,
  `login` varchar(32) NOT NULL,
  `name` varchar(128) NOT NULL,
  `long_name` varchar(128) NOT NULL,
  `field` varchar(256) NOT NULL,
  `panel` varchar(16) NOT NULL,
  `building` varchar(16) NOT NULL,
  `floor` varchar(16) NOT NULL,
  `room` varchar(24) NOT NULL,
  `email` varchar(128) NOT NULL,
  `ra` varchar(128) NOT NULL,
  `raemail` varchar(128) NOT NULL,
  PRIMARY KEY (`faculty_id`)
) ENGINE=MyISAM DEFAULT CHARSET=utf8;

--
-- Dumping data for table `faculty`
--

INSERT INTO `faculty` (`faculty_id`, `login`, `name`, `long_name`, `field`, `panel`, `building`, `floor`, `room`, `email`, `ra`, `raemail`) VALUES
('5', '', 'Wickens', 'Wickens, Jeffery', '', '3', 'Lab1', 'D', 'D009', 'wickens@oist.jp', 'Suzuki', 'ysuzuki@oist.jp'),
('6', '', 'Satoh', 'Satoh, Noriyuki', '', '1', 'Lab1', 'C', 'C005', 'norisky@oist.jp', 'Yamakawa, Teruya', 'syamakaw@oist.jp; t-teruya@oist.jp'),
('7', '', 'Yamamoto', 'Yamamoto, Tadashi', '', '1', 'Lab2', 'C', 'C621', 'tadashi.yamamoto@oist.jp', 'Yamashiro', 'kyamashiro@oist.jp'),
('8', '', 'Samatey', 'Samatey, Fadel', '', '1', 'Lab1', 'C', 'C006', 'f.a.samatey@oist.jp', 'Hedo', 'saeko.hedo@oist.jp'),
('9', '', 'Masai ', 'Masai, Ichiro', '', '1', 'Lab1', 'C', 'C002', 'masai@oist.jp', 'Gima', 'agima@oist.jp'),
('10', '', 'Miller', 'Miller, Jonathan', '', '2', 'Lab2', 'B', 'B627', 'jnthnmllr@oist.jp', 'Midori Tanahara', 'midori.tanahara@oist.jp'),
('13', '', 'Qi ', 'Qi, Yabing', '', '2', 'Lab2', 'A', 'A622', 'yabing.qi@oist.jp', 'Masaki', 'ayako.masaki@oist.jp'),
('14', '', 'Dani', 'Dani, Keshav', '', '2', 'Lab2', 'C', 'C624\n', 'kmdani@oist.jp', 'Saito', 'shiho.saito@oist.jp'),
('15', '', 'Busch', 'Busch, Thomas', '', '2', 'Lab2', 'B', 'B626', 'thomas.busch@oist.jp', 'Koki', 'sawako.koki@oist.jp'),
('16', '', 'Shannon ', 'Shannon, Nic', '', '2', 'Lab2', 'B', 'B622', 'nic.shannon@oist.jp', 'Saito', 'shiho.saito@oist.jp'),
('17', '', 'Nic Chormaic ', 'Nic Chormaic, Sile', '', '2', 'Lab2', 'B', 'B623', 'sile.nicchormaic@oist.jp', 'Nakamura', 'emi.nakamura@oist.jp'),
('18', '', 'Hikami ', 'Hikami, Shinobu', '', '2', 'Lab2', 'B', 'B625', 'hikami@oist.jp', 'Tokuda', 'miwako.tokuda@oist.jp'),
('19', '', 'De Schutter', 'De Schutter, Erik', '', '3', 'Lab2', 'B', 'B621', 'erik@oist.jp', 'Matsuoka', 'sachie.matsuoka@oist.jp'),
('20', '', 'Doya ', 'Doya, Kenji', '', '3', 'Lab1', 'D', 'D010', 'doya@oist.jp', 'Matsuo, Asato', 'kikuko.matsuo@oist.jp; easato@oist.jp'),
('21', '', 'Yazaki-Sugiyama ', 'Yazaki-Sugiyama, Yoko', '', '3', 'Lab1', 'D', 'D006', 'yazaki-sugiyama@oist.jp', 'Blanck', 'sachiko.blanck@oist.jp'),
('22', '', 'Tanaka', 'Tanaka, Fujie', '', '6', 'Lab2', 'C', 'C628', 'ftanaka@oist.jp', 'Chinen', 'shiho.chinen@oist.jp'),
('23', '', 'Sowwan', 'Sowwan, Mukhles', '', '2', 'Lab2', 'C', 'C623\n', 'mukhles@oist.jp', 'Takahashi', 'yumi.takahashi@oist.jp'),
('24', '', 'Bandi', 'Bandi, Mahesh', '', '2', 'Lab2', 'A', 'A627\n', 'bandi@oist.jp', 'Sakiyama', 'ayano.sakiyama@oist.jp'),
('25', '', 'Dorfan(D)', 'Dorfan, David', '', '2', 'Lab3', 'B', 'B716c', 'david.dorfan@oist.jp', 'Jenny Zhang ', 'jenny.zhang@oist.jp'),
('26', '', 'Stephens', 'Stephens, Greg', '', '3', 'Lab2', 'A', 'A623', 'greg.stephens@oist.jp', 'Seki', 'yukiko.seki@oist.jp'),
('27', '', 'Takahashi', 'Takahashi, Tomoyuki', '', '3', 'Lab1', 'D', 'D005', ' ttakahas@oist.jp', 'Gordon', 'sayori.gordon@oist.jp'),
('29', '', 'Mikheyev', 'Mikheyev, Alexander', '', '4', 'Lab3', 'B', 'B705a', 'alexander.mikheyev@oist.jp', 'Fujitomi', 'yoko.fujitomi@oist.jp'),
('31', '', 'Arbuthnott', 'Arbuthnott, Gordon', '', '3', 'Lab1', 'D', 'D001', 'gordon@oist.jp', 'Chinone', 'hiroko.chinone@oist.jp'),
('33', '', 'Chakraborty', 'Chakraborty, Pinaki', '', '5', 'Lab2', 'B', 'B624', 'pinaki@oist.jp', 'Egashira', 'e-kaori@oist.jp'),
('34', '', 'Kitano', 'Kitano, Hiroaki', '', '1', 'Lab3', 'B', 'B705a', 'kitano@oist.jp', 'Tanahara', 'midori.tanahara@oist.jp'),
('35', '', 'Konstantinov', 'Konstantinov, Denis', '', '2', 'Lab2', 'A', 'A621', 'denis@oist.jp', 'Tazuke', 'taki.tazuke@oist.jp'),
('36', '', 'Kuhn', 'Kuhn, Bernd', '', '3', 'Lab1', 'D', 'D007', 'bkuhn@oist.jp', 'Chinone', 'hiroko.chinone@oist.jp'),
('37', '', 'Maruyama', 'Maruyama, Ichiro', '', '1', 'Lab1', 'C', 'C010', 'ichi@oist.jp', 'Ohtaki', 'hitomi.ohtaki@oist.jp'),
('38', '', 'Mitarai', 'Mitarai, Satoshi', '', '4', 'Lab2', 'C', 'C622', 'satoshi@oist.jp', 'Arasaki', 'chihiro.arasaki@oist.jp'),
('39', '', 'Tripp', 'Tripp, Gail', '', '3', 'Lab3', 'B', 'B716d', 'tripp@oist.jp', 'Puca', 'aya.puca@oist.jp'),
('40', '', 'Marquez-Lago', 'Marquez-Lago, Tatiana', '', '5', 'Lab1', 'D', 'D003', 'tatiana.marquez@oist.jp', 'Ozaki', 'yuka.ozaki@oist.jp'),
('41', '', 'Luscombe', 'Luscombe, Nicholas', '', '1', 'Lab3', 'C', 'C737', 'luscombe@oist.jp', 'Ozaki', 'yuka.ozaki@oist.jp'),
('42', '', 'Yanagida', 'Yanagida, Mitsuhiro', '', '1', 'Lab1', 'C', 'C007', 'myanagid@gmail.com', 'Sugiyama', 'chikako.sugiyama@oist.jp'),
('43', '', 'Economo', 'Economo, Evan P', '', '4', 'Lab3', 'B', 'B722', 'economo@oist.jp', 'Oshiro', 'chisa.oshiro@oist.jp'),
('44', '', 'Sinclair', 'Sinclair, Robert', '', '5', 'Lab2', 'A', 'A624', 'sinclair@oist.jp', 'Fibbs', 's.fibbs@oist.jp'),
('45', '', 'Saze', 'Saze, Hidetoshi', '', '1', 'Lab2', 'C', 'C627', 'hidetoshi.saze@oist.jp', 'Fujitomi', 'yoko.fujitomi@oist.jp'),
('46', '', 'Gioia', 'Gioia, Gustavo', '', '2', 'Lab2', 'B', 'B628', 'ggioia@oist.jp', 'Egashira', 'e-kaori@oist.jp'),
('48', '', 'Shintake', 'Shintake, Tsumoru', '', '2', 'Lab2', 'C', 'C625', 'shintake@oist.jp', 'Taba', 'hitomi.taba@oist.jp'),
('49', '', 'Ishikawa', 'Ishikawa, Hiroki', '', '1', 'Lab2', 'C', 'C626', 'hiroki.ishikawa@oist.jp', 'Yoshizawa', 'rika.yoshizawa@oist.jp'),
('50', '', 'Van Vactor', 'Van Vactor, David', '', '1', 'Lab1', 'C', '', 'davie@oist.jp', 'Fibbs', 's.fibbs@oist.jp'),
('51', '', 'Wolf', 'Wolf, Matthias', '', '1', 'Lab1', 'C', 'C009', 'matthias.wolf@oist.jp', 'Yoshizawa', 'rika.yoshizawa@oist.jp'),
('52', '', 'Skoglund', 'Skoglund, Ulf', '', '5', 'Lab3', 'B', 'B720', 'ulf.skoglund@oist.jp', 'Kuda', 'shizuka.kuda@oist.jp'),
('54', '', 'Sugawara', 'Sugawara, Hirotaka', '', '2', 'Lab2', 'B', '', 'hirotaka.sugawara@oist.jp', 'Suzuki', 'fumiko.suzuki@oist.jp'),
('55', '', 'Goryanin', 'Goryanin, Igor', '', '1', 'Lab3', 'B', 'B705a', 'goryanin@oist.jp', 'Kuda', 'shizuka.kuda@oist.jp'),
('57', '', 'Fried', 'Fried, Elliot', '', '5', 'Lab3', 'B', 'B723', 'eliot.fried@oist.jp', 'Tokumoto', 'naoko.tokumoto@oist.jp'),
('58', '', 'Shen', 'Shen, Amy', '', '2', 'Lab3', 'B', 'B721\n', 'amy.shen@oist.jp', 'Kaneshi', 'yuno.kaneshi@oist.jp'),
('59', '', 'Iwama', 'Iwama, George', '', '4', 'Cntr', 'A', '', 'george.iwama@oist.jp', 'Michimae', 'ruriko.michimae@oist.jp'),
('60', '', 'Peach', 'Peach, Kenneth', '', '2', 'Cntr', 'A', '', 'ken.peach@oist.jp', '', ''),
('61', '', 'Yokobayashi', 'Yokobayashi, Yohei', '', '6', 'Lab3', 'C', 'C731', 'yohei.yokobayashi@oist.jp', 'Shinzato', 'hitomi.shinzato@oist.jp'),
('62', '', 'Khusnutdinova', 'Khusnutdinova, Julia', '', '6', 'Lab3', 'C', 'C730', 'juliak@oist.jp', 'Azama', 'azama@oist.jp'),
('63', '', 'Zhang', 'Zhang, Ye', '', '6', 'Lab3', 'C', 'C732', 'ye.zhang@oist.jp', 'Shinzato', 'hitomi.shinzato@oist.jp');

-- --------------------------------------------------------

--
-- Table structure for table `matrix`
--

CREATE TABLE IF NOT EXISTS `matrix` (
  `id` int(16) NOT NULL,
  `timeslot` varchar(16) NOT NULL,
  `student` varchar(16) NOT NULL,
  `faculty` varchar(16) NOT NULL,
  `indepth` varchar(5) NOT NULL,
  `comment` varchar(2048) NOT NULL,
  `ts` timestamp NOT NULL DEFAULT CURRENT_TIMESTAMP ON UPDATE CURRENT_TIMESTAMP,
  UNIQUE KEY `timeslot` (`timeslot`,`student`),
  UNIQUE KEY `timeslot_2` (`timeslot`,`faculty`)
) ENGINE=MyISAM  DEFAULT CHARSET=utf8;

--
-- Dumping data for table `matrix`
--

INSERT INTO `matrix` (`id`, `timeslot`, `student`, `faculty`, `indepth`, `comment`, `ts`) VALUES
(0, '8', 'X_20160128184048', '43', '', '', '2016-01-28 09:40:48'),
(0, '3', 'X_20160128184120', '36', '', '', '2016-01-28 09:41:20'),
(0, '7', 'X_20160128184044', '43', '', '', '2016-01-28 09:40:44'),
(0, '7', '172255', '45', '', '', '2016-01-28 10:39:51'),
(0, '6', 'X_20160128184037', '43', '', '', '2016-01-28 09:40:37'),
(0, '8', '194855', '45', 'ID', '', '2016-01-28 10:39:12'),
(0, '11', '177035', '34', '', 'Skype', '2016-01-28 10:06:51'),
(0, '12', '194822', '34', '', 'Skype; 10:40-11:10', '2016-01-28 10:06:43'),
(0, '7', '365984', '10', '', '', '2016-02-02 08:36:12'),
(0, '19', '195982', '7', '', '', '2016-01-28 07:23:04'),
(0, '20', '200311', '7', '', '', '2016-01-28 07:23:34'),
(0, '21', '172965', '7', 'ID', '', '2016-01-28 09:30:27'),
(0, '5', '192402', '33', '', '', '2016-01-28 07:28:09'),
(0, '6', '181250', '33', '', '', '2016-01-28 07:28:58'),
(0, '3', '194380', '33', '', '', '2016-01-29 07:56:52'),
(0, '6', '194380', '46', 'ID', '', '2016-01-28 08:55:36'),
(0, '7', '182801', '46', 'ID', '', '2016-01-28 08:55:46'),
(0, '4', 'X_20160128184126', '36', '', '', '2016-01-28 09:41:26'),
(0, '10', 'X_20160128184157', '36', '', '', '2016-01-28 09:41:57'),
(0, '10', 'X_20160128184219', '9', '', '', '2016-01-28 09:42:19'),
(0, '11', 'X_20160128184233', '9', '', '', '2016-01-28 09:42:33'),
(0, '12', 'X_20160128184239', '9', '', '', '2016-01-28 09:42:39'),
(0, '19', 'X_20160128184310', '17', '', '', '2016-01-28 09:43:10'),
(0, '20', 'X_20160128184317', '17', '', '', '2016-01-28 09:43:17'),
(0, '21', 'X_20160128184322', '17', '', '', '2016-01-28 09:43:22'),
(0, '5', 'X_20160128184343', '17', '', '', '2016-01-28 09:43:43'),
(0, '6', 'X_20160128184350', '17', '', '', '2016-01-28 09:43:50'),
(0, '7', 'X_20160128184353', '17', '', '', '2016-01-28 09:43:53'),
(0, '8', 'X_20160128184357', '17', '', '', '2016-01-28 09:43:57'),
(0, '1', 'X_20160128184428', '16', '', '', '2016-01-28 09:44:28'),
(0, '2', 'X_20160128184437', '16', '', '', '2016-01-28 09:44:37'),
(0, '19', 'X_20160128184456', '44', '', '', '2016-01-28 09:44:56'),
(0, '20', 'X_20160128184501', '44', '', '', '2016-01-28 09:45:01'),
(0, '21', 'X_20160128184504', '44', '', '', '2016-01-28 09:45:04'),
(0, '12', 'X_20160128184541', '44', '', '', '2016-01-28 09:45:41'),
(0, '13', 'X_20160128184549', '44', '', '', '2016-01-28 09:45:49'),
(0, '10', 'X_20160128184613', '23', '', '', '2016-01-28 09:46:13'),
(0, '11', 'X_20160128184619', '23', '', '', '2016-01-28 09:46:19'),
(0, '12', 'X_20160128184622', '23', '', '', '2016-01-28 09:46:22'),
(0, '5', 'X_20160128184722', '39', '', '', '2016-01-28 09:47:22'),
(0, '6', 'X_20160128184728', '39', '', '', '2016-01-28 09:47:28'),
(0, '1', 'X_20160128184859', '7', '', '', '2016-01-28 09:48:59'),
(0, '2', 'X_20160128184903', '7', '', '', '2016-01-28 09:49:03'),
(0, '3', 'X_20160128184906', '7', '', '', '2016-01-28 09:49:06'),
(0, '4', 'X_20160128184910', '7', '', '', '2016-01-28 09:49:10'),
(0, '5', 'X_20160128184914', '7', '', '', '2016-01-28 09:49:14'),
(0, '6', 'X_20160128184918', '7', '', '', '2016-01-28 09:49:18'),
(0, '7', 'X_20160128184921', '7', '', '', '2016-01-28 09:49:21'),
(0, '8', 'X_20160128184925', '7', '', '', '2016-01-28 09:49:25'),
(0, '10', 'X_20160128184931', '7', '', '', '2016-01-28 09:49:31'),
(0, '11', 'X_20160128184935', '7', '', '', '2016-01-28 09:49:35'),
(0, '12', 'X_20160128184939', '7', '', '', '2016-01-28 09:49:39'),
(0, '13', 'X_20160128184943', '7', '', '', '2016-01-28 09:49:43'),
(0, '14', 'X_20160128184948', '7', '', '', '2016-01-28 09:49:48'),
(0, '15', 'X_20160128184953', '7', '', '', '2016-01-28 09:49:53'),
(0, '16', 'X_20160128184957', '7', '', '', '2016-01-28 09:49:57'),
(0, '19', 'X_20160128185155', '16', '', '', '2016-01-28 09:51:55'),
(0, '20', 'X_20160128185203', '16', '', '', '2016-01-28 09:52:03'),
(0, '21', 'X_20160128185652', '34', '', '', '2016-01-28 09:56:52'),
(0, '20', 'X_20160128185649', '34', '', '', '2016-01-28 09:56:49'),
(0, '19', 'X_20160128185645', '34', '', '', '2016-01-28 09:56:45'),
(0, '1', 'X_20160128185655', '34', '', '', '2016-01-28 09:56:55'),
(0, '2', 'X_20160128185657', '34', '', '', '2016-01-28 09:56:57'),
(0, '3', 'X_20160128185700', '34', '', '', '2016-01-28 09:57:00'),
(0, '4', 'X_20160128185703', '34', '', '', '2016-01-28 09:57:03'),
(0, '5', 'X_20160128185705', '34', '', '', '2016-01-28 09:57:05'),
(0, '6', 'X_20160128185709', '34', '', '', '2016-01-28 09:57:09'),
(0, '7', 'X_20160128185712', '34', '', '', '2016-01-28 09:57:12'),
(0, '8', 'X_20160128185715', '34', '', '', '2016-01-28 09:57:15'),
(0, '14', 'X_20160128185720', '34', '', '', '2016-01-28 09:57:20'),
(0, '10', 'X_20160128185724', '34', '', '', '2016-01-28 09:57:24'),
(0, '15', 'X_20160128185729', '34', '', '', '2016-01-28 09:57:29'),
(0, '16', 'X_20160128185732', '34', '', '', '2016-01-28 09:57:32'),
(0, '10', 'X_20160128185922', '44', '', '', '2016-01-28 09:59:22'),
(0, '11', 'X_20160128185927', '44', '', '', '2016-01-28 09:59:27'),
(0, '14', 'X_20160128185934', '44', '', '', '2016-01-28 09:59:34'),
(0, '15', 'X_20160128185937', '44', '', '', '2016-01-28 09:59:37'),
(0, '16', 'X_20160128185941', '44', '', '', '2016-01-28 09:59:41'),
(0, '19', 'X_20160128190005', '22', '', '', '2016-01-28 10:00:05'),
(0, '20', 'X_20160128190009', '22', '', '', '2016-01-28 10:00:09'),
(0, '21', 'X_20160128190013', '22', '', '', '2016-01-28 10:00:13'),
(0, '1', '172267', '17', 'ID', '', '2016-01-28 10:01:21'),
(0, '2', '193828', '17', 'ID', '', '2016-01-28 10:02:03'),
(0, '3', '179475', '17', '', '', '2016-01-28 10:02:42'),
(0, '10', '194509', 'X_20160201184303', '', '', '2016-02-01 09:43:03'),
(0, '10', '200845', '17', '', '', '2016-01-28 10:04:03'),
(0, '11', '193723', '17', '', '', '2016-01-28 10:04:33'),
(0, '12', '190927', '17', '', '', '2016-01-28 10:04:50'),
(0, '5', '200432', '41', '', '', '2016-02-03 09:12:50'),
(0, '6', '177035', '41', 'ID', '', '2016-02-03 09:13:38'),
(0, '7', '195982', '41', '', '', '2016-02-03 09:14:17'),
(0, '1', '192597', '52', '', '', '2016-02-01 02:39:44'),
(0, '2', '194509', '44', 'ID', '', '2016-01-28 10:18:35'),
(0, '5', '194251', '44', 'ID', '', '2016-01-28 10:19:13'),
(0, '3', '177190', '44', '', '', '2016-01-28 10:19:38'),
(0, '4', '202473', '44', '', '', '2016-01-28 10:20:00'),
(0, '8', '194380', '44', '', '', '2016-01-28 10:21:42'),
(0, '6', '179475', '44', '', '', '2016-01-28 10:22:18'),
(0, '7', '173117', '44', '', '', '2016-01-28 10:22:51'),
(0, '1', '189615', '43', 'ID', '', '2016-01-28 10:23:48'),
(0, '2', '177035', '43', 'ID', '', '2016-01-28 10:24:16'),
(0, '3', 'X_20160128192608', '16', '', '', '2016-01-28 10:26:08'),
(0, '5', '177190', '43', 'ID', '', '2016-01-28 10:26:41'),
(0, '3', '194855', '43', '', '', '2016-01-28 10:27:20'),
(0, '12', '189257', '43', '', '', '2016-01-29 08:35:27'),
(0, '11', '189281', '43', '', '', '2016-02-01 05:18:02'),
(0, '13', '172095', '43', '', '', '2016-02-01 05:17:18'),
(0, '5', '191025', '42', '', '', '2016-01-28 10:32:38'),
(0, '6', '194855', '42', '', '', '2016-01-28 10:33:08'),
(0, '7', '172965', '42', '', '', '2016-01-28 10:33:36'),
(0, '1', '195982', '9', 'ID', '', '2016-01-28 10:35:18'),
(0, '2', '196617', '9', 'ID', '', '2016-01-28 10:35:50'),
(0, '3', '200311', '9', '', '', '2016-01-28 10:36:40'),
(0, '5', '194855', '9', '', '', '2016-01-28 10:37:23'),
(0, '5', '189615', '36', '', '', '2016-01-28 10:42:58'),
(0, '6', '189615', '9', '', '', '2016-01-28 10:43:17'),
(0, '10', '189615', '6', '', '', '2016-01-28 10:44:17'),
(0, '3', '189615', '29', '', 'Skype; 10:50-11:20', '2016-02-04 06:15:17'),
(0, '8', '182916', '46', '', '', '2016-02-02 07:29:37'),
(0, '16', '182631', '55', '', 'Skype; 17:30-18:00', '2016-02-02 07:40:13'),
(0, '8', '202309', '24', '', 'Skype', '2016-02-01 02:42:38'),
(0, '6', '183869', '26', '', '', '2016-02-05 04:56:16'),
(0, '8', '192597', '41', '', '', '2016-02-03 09:14:47'),
(0, '7', '202309', '26', 'ID', 'Skype', '2016-02-05 04:58:08'),
(0, '5', '183869', '16', 'ID', '', '2016-01-29 06:27:49'),
(0, '7', '189257', '16', '', '', '2016-01-29 06:37:01'),
(0, '8', '176636', '16', '', '', '2016-01-29 06:37:35'),
(0, '13', '200565', '16', '', '', '2016-02-01 05:29:55'),
(0, '11', '172267', '16', '', '', '2016-01-29 06:38:56'),
(0, '12', '194509', '16', '', '', '2016-01-29 06:39:41'),
(0, '8', '172267', '18', '', '', '2016-02-01 00:47:19'),
(0, '6', '172267', '37', '', '', '2016-01-29 07:33:36'),
(0, '3', '172267', '62', '', '', '2016-01-29 07:20:57'),
(0, '7', '177035', '6', '', '', '2016-01-29 07:24:01'),
(0, '5', '177035', '61', '', '', '2016-01-29 07:24:26'),
(0, '10', '194855', 'X_20160210170334', '', '', '2016-02-10 08:03:34'),
(0, '5', '172095', '37', 'ID', '', '2016-01-29 07:34:39'),
(0, '2', '172095', '10', '', '', '2016-01-29 07:59:52'),
(0, '7', '172095', '36', '', '', '2016-01-29 07:35:33'),
(0, '5', '194509', '27', '', '', '2016-01-29 07:40:14'),
(0, '7', '194509', '39', '', '', '2016-01-29 07:40:59'),
(0, '1', '200311', '6', 'ID', '', '2016-01-29 07:46:35'),
(0, '10', '200311', '27', '', '', '2016-01-29 07:44:54'),
(0, '6', '200311', '49', '', '', '2016-01-29 09:56:23'),
(0, '6', '195982', '6', '', '', '2016-01-29 07:49:33'),
(0, '12', '195982', '38', '', '', '2016-01-29 07:50:52'),
(0, '9', '202309', '44', 'ID', 'Skype', '2016-02-01 03:02:33'),
(0, '12', '194380', '24', '', '', '2016-01-29 07:58:47'),
(0, '1', '194380', '10', '', '', '2016-01-29 08:00:47'),
(0, '1', '179475', '13', 'ID', '', '2016-01-29 08:02:47'),
(0, '5', '179475', '24', '', '', '2016-01-29 08:06:09'),
(0, '13', '179475', '38', '', '', '2016-01-29 08:06:27'),
(0, '12', '183869', '15', '', '', '2016-01-29 08:12:51'),
(0, '3', '183869', '39', '', '', '2016-01-29 08:20:08'),
(0, '1', '183869', '38', '', '', '2016-01-29 08:14:16'),
(0, '7', '193052', '49', '', '', '2016-02-03 08:07:30'),
(0, '1', '172965', '39', '', '', '2016-01-29 08:28:07'),
(0, '3', '172965', '23', '', '', '2016-01-29 08:29:16'),
(0, '1', '189257', '24', 'ID', '', '2016-01-29 08:36:19'),
(0, '3', '189257', '15', 'ID', '', '2016-01-29 08:36:47'),
(0, '5', '189257', '20', 'ID', '', '2016-01-29 08:37:07'),
(0, '2', '177190', '13', '', '', '2016-01-29 08:40:28'),
(0, '8', '177190', '6', '', '', '2016-01-29 08:41:25'),
(0, '11', '194251', 'X_20160210165123', '', '', '2016-02-10 07:51:23'),
(0, '3', '200432', '10', 'ID', '', '2016-01-29 09:01:25'),
(0, '1', '200432', '14', '', '', '2016-01-29 09:02:03'),
(0, '11', '200432', '6', '', '', '2016-02-02 09:08:31'),
(0, '10', '194251', 'X_20160210165116', '', '', '2016-02-10 07:51:16'),
(0, '2', '192402', '31', '', '', '2016-01-29 09:06:17'),
(0, '1', '192402', '36', '', '', '2016-01-29 09:06:10'),
(0, '12', '192402', '63', 'ID', '', '2016-02-01 05:36:47'),
(0, '7', '192402', '14', '', '', '2016-02-01 05:35:36'),
(0, '1', '200845', '25', 'ID', '', '2016-01-29 09:11:34'),
(0, '3', '200845', '14', '', '', '2016-01-29 09:13:00'),
(0, '5', '200845', '38', '', '', '2016-01-29 09:13:39'),
(0, '6', '200845', '23', '', '', '2016-01-29 09:13:57'),
(0, '11', '192597', '38', '', '', '2016-02-01 04:58:01'),
(0, '5', '192597', '49', 'ID', '', '2016-01-29 09:56:59'),
(0, '2', '192597', '39', '', '', '2016-01-29 09:57:47'),
(0, '3', '196046', '52', 'ID', '', '2016-02-01 02:39:02'),
(0, '1', '182916', '29', 'ID', 'Skype', '2016-02-04 06:14:18'),
(0, '13', '182916', '22', '', '', '2016-02-01 05:39:18'),
(0, '5', '182916', '63', '', '', '2016-01-29 10:14:09'),
(0, '6', '182916', '52', '', '', '2016-02-02 07:29:12'),
(0, '1', '182631', '61', 'ID', '', '2016-01-29 10:15:57'),
(0, '2', '182631', '63', '', '', '2016-01-29 10:16:24'),
(0, '5', '182631', '13', '', '', '2016-01-29 10:18:59'),
(0, '10', '182631', '38', '', '', '2016-01-29 10:19:23'),
(0, '11', '172255', '36', '', '', '2016-01-29 10:20:40'),
(0, '6', '172255', '22', 'ID', '', '2016-01-29 10:22:45'),
(0, '2', '172255', '62', '', '', '2016-01-29 10:23:58'),
(0, '1', '172255', '63', '', '', '2016-01-29 10:24:34'),
(0, '1', '194822', '20', 'ID', '', '2016-01-29 10:29:33'),
(0, '5', '194822', '19', '', '', '2016-01-29 10:30:18'),
(0, '6', '194822', '10', '', '', '2016-01-29 10:30:38'),
(0, '3', '194822', '25', '', '', '2016-01-29 10:30:54'),
(0, '5', '189281', '6', 'ID', '', '2016-01-29 10:33:44'),
(0, '6', '189281', '36', '', '', '2016-01-29 10:34:40'),
(0, '2', '189281', '29', '', 'Skype; 10:10-10:40', '2016-02-04 06:14:52'),
(0, '4', '189281', '38', '', '', '2016-01-29 10:36:05'),
(0, '4', '193170', '16', '', '', '2016-02-01 09:34:45'),
(0, '6', '193170', '24', '', '', '2016-02-01 09:37:03'),
(0, '2', '193170', '18', '', '', '2016-02-01 09:35:53'),
(0, '7', '177190', '29', '', 'Skype; 15:25-15:55', '2016-02-08 02:04:18'),
(0, '4', '173117', '9', '', '', '2016-01-29 10:43:36'),
(0, '2', '173117', '6', '', '', '2016-01-29 10:44:07'),
(0, '5', '173117', '21', '', '', '2016-01-29 10:45:00'),
(0, '2', '181250', '25', 'ID', '', '2016-01-29 10:47:31'),
(0, '4', '181250', '52', '', '', '2016-01-29 10:48:04'),
(0, '8', '181250', '36', '', '', '2016-01-29 10:48:48'),
(0, '13', '181250', '24', '', '', '2016-02-01 05:24:21'),
(0, '1', '202473', '15', 'ID', '', '2016-01-29 10:50:50'),
(0, '12', '202473', '36', '', '', '2016-01-29 10:51:56'),
(0, '6', '202473', '35', '', '', '2016-01-29 10:52:48'),
(0, '5', '202473', '18', '', '', '2016-01-29 10:53:05'),
(0, '6', '182801', '18', '', '', '2016-01-29 11:40:21'),
(0, '11', '182801', '24', '', '', '2016-01-29 11:41:24'),
(0, '3', '182801', '38', '', '', '2016-01-29 11:42:54'),
(0, '2', '182801', '23', '', '', '2016-01-29 11:43:29'),
(0, '12', '176636', '22', '', '', '2016-01-29 11:47:28'),
(0, '1', '176636', '62', 'ID', '', '2016-01-29 11:49:57'),
(0, '5', '176636', '35', '', '', '2016-01-29 11:50:37'),
(0, '3', '176636', '63', '', '', '2016-01-29 11:51:00'),
(0, '4', '196617', '6', '', '', '2016-01-29 11:52:45'),
(0, '4', '172965', '49', '', '', '2016-02-03 08:06:50'),
(0, '5', '196617', '14', '', '', '2016-01-29 11:55:01'),
(0, '7', '196617', '22', '', '', '2016-01-29 11:55:24'),
(0, '12', '194251', '19', '', '', '2016-01-29 11:56:13'),
(0, '4', '194251', '25', '', '', '2016-01-29 11:56:58'),
(0, '2', '194251', '52', '', '', '2016-01-29 11:57:16'),
(0, '7', '194251', '61', '', '', '2016-01-29 11:58:09'),
(0, '2', '200565', '24', 'ID', '', '2016-01-29 12:00:12'),
(0, '4', '200565', '15', '', '', '2016-01-29 12:00:31'),
(0, '6', '200565', '25', '', '', '2016-01-29 12:01:50'),
(0, '8', '200565', '37', '', '', '2016-01-29 12:02:15'),
(0, '1', '191025', '31', 'ID', '', '2016-01-29 12:03:02'),
(0, '8', '196617', '49', '', '', '2016-02-03 08:08:29'),
(0, '2', '191025', '5', '', '', '2016-01-29 12:04:51'),
(0, '8', '191025', '52', '', '', '2016-01-29 12:05:30'),
(0, '10', '365984', 'X_20160202173645', '', '', '2016-02-02 08:36:45'),
(0, '13', '365984', '19', '', '', '2016-02-02 08:36:35'),
(0, '5', '365984', '31', 'ID', '', '2016-02-02 08:35:19'),
(0, '1', '190927', '35', 'ID', '', '2016-01-29 12:15:27'),
(0, '3', '190927', '37', '', '', '2016-01-29 12:16:00'),
(0, '6', '190927', '14', '', '', '2016-02-01 05:35:29'),
(0, '5', '190927', '15', '', '', '2016-01-29 12:16:39'),
(0, '4', '193723', '23', 'ID', '', '2016-01-29 12:18:30'),
(0, '5', '193723', '62', '', '', '2016-01-29 12:19:47'),
(0, '2', '193723', '15', '', '', '2016-01-29 12:21:08'),
(0, '7', '193723', '13', '', '', '2016-01-29 12:21:30'),
(0, '13', '193828', '15', '', '', '2016-01-29 12:24:38'),
(0, '8', '193828', '39', '', '', '2016-01-29 12:25:02'),
(0, '6', '193828', '63', '', '', '2016-01-29 12:25:27'),
(0, '4', '193828', '14', '', '', '2016-01-29 12:25:48'),
(0, '2', '36109170', '36', 'ID', '', '2016-01-29 12:27:17'),
(0, '3', '36109170', '5', '', '', '2016-01-29 12:28:10'),
(0, '13', '36109170', '31', '', '', '2016-02-03 01:43:10'),
(0, '8', '36109170', '25', '', '', '2016-01-29 12:29:23'),
(0, '12', '36109170', '35', '', '', '2016-01-29 12:30:11'),
(0, '1', '196046', '44', '', '', '2016-02-01 02:38:34'),
(0, '8', '196046', '14', '', '', '2016-01-29 12:34:01'),
(0, '7', '196046', '15', '', '', '2016-01-29 12:34:27'),
(0, '11', '196046', '37', '', '', '2016-01-29 12:36:14'),
(0, '2', '202012', '27', '', '', '2016-01-29 12:46:10'),
(0, '4', '202012', '24', 'ID', '', '2016-01-29 12:45:00'),
(0, '8', '202012', '62', '', '', '2016-02-02 07:31:04'),
(0, '7', '202012', '52', '', '', '2016-02-02 07:30:27'),
(0, '11', '202012', '15', '', '', '2016-01-29 12:48:06'),
(0, '4', '193421', '63', 'ID', '', '2016-01-29 12:48:55'),
(0, '2', '193421', '61', '', '', '2016-01-29 12:49:18'),
(0, '6', '193421', '13', '', '', '2016-01-29 12:50:40'),
(0, '8', '193421', '22', '', '', '2016-01-29 12:51:10'),
(0, '12', '193421', '37', '', '', '2016-01-29 12:51:38'),
(0, '5', '197319', '23', '', '', '2016-01-29 13:06:59'),
(0, '4', '197319', '18', '', '', '2016-02-01 02:32:40'),
(0, '1', '197319', '27', '', '', '2016-01-29 13:08:22'),
(0, '7', '197319', '25', 'ID', '', '2016-01-29 13:07:39'),
(0, '10', '197319', '13', '', '', '2016-01-29 13:09:26'),
(0, '3', '193052', '27', 'ID', '', '2016-01-29 13:11:44'),
(0, '1', '193052', '21', '', '', '2016-01-29 13:12:06'),
(0, '10', '193052', '31', '', '', '2016-02-03 01:42:27'),
(0, '8', '193052', '9', '', '', '2016-01-29 13:14:47'),
(0, '3', '191025', '49', '', '', '2016-02-03 08:07:50'),
(0, '13', '189595', '36', 'ID', '', '2016-01-29 13:16:22'),
(0, '2', '189595', '19', '', '', '2016-01-29 13:18:59'),
(0, '4', '189595', '37', '', '', '2016-01-29 13:19:37'),
(0, '6', '189595', '20', '', '', '2016-01-29 13:20:05'),
(0, '7', '189595', '21', '', '', '2016-01-29 13:21:16'),
(0, '1', '193007', '19', 'ID', '', '2016-01-29 13:22:03'),
(0, '5', '193007', '52', '', '', '2016-01-29 13:28:51'),
(0, '3', '193007', '21', '', '', '2016-01-29 13:29:40'),
(0, '7', '193007', '20', '', '', '2016-01-29 13:29:59'),
(0, '12', '193007', '61', '', '', '2016-01-29 13:30:21'),
(0, '2', '201834', '35', '', '', '2016-02-01 00:41:22'),
(0, '4', '201834', '13', 'ID', '', '2016-02-01 00:42:19'),
(0, '6', '201834', '62', '', '', '2016-02-01 00:43:30'),
(0, '8', '201834', '61', '', '', '2016-02-01 00:43:47'),
(0, '11', '201834', '39', '', '', '2016-02-01 00:48:12'),
(0, '2', '192351', '21', 'ID', '', '2016-02-01 00:49:17'),
(0, '4', '192351', '27', '', '', '2016-02-01 00:49:48'),
(0, '10', '192351', '39', '', '', '2016-02-01 00:52:27'),
(0, '8', '192351', '35', '', '', '2016-02-01 05:52:41'),
(0, '6', '192351', '15', '', '', '2016-02-01 00:53:25'),
(0, '1', '196504', '5', '', '', '2016-02-01 00:56:38'),
(0, '3', '196504', '31', 'ID', '', '2016-02-01 00:56:55'),
(0, '8', '196504', '20', '', '', '2016-02-01 00:57:28'),
(0, '6', '196504', '21', '', '', '2016-02-01 00:57:59'),
(0, '13', '196504', '18', '', '', '2016-02-01 00:58:31'),
(0, '2', '202391', '20', 'ID', '', '2016-02-01 01:00:13'),
(0, '4', '202391', '31', '', '', '2016-02-01 01:00:37'),
(0, '12', '202391', '39', '', '', '2016-02-01 01:01:32'),
(0, '8', '202391', '21', '', '', '2016-02-01 01:06:23'),
(0, '6', '202391', '19', '', '', '2016-02-01 01:06:47'),
(0, '6', '189666', '61', 'ID', '', '2016-02-01 01:25:07'),
(0, '7', '189666', '63', '', '', '2016-02-01 01:25:27'),
(0, '2', '189666', '14', '', '', '2016-02-01 01:25:54'),
(0, '4', '189666', '22', '', '', '2016-02-01 01:28:57'),
(0, '11', '189666', '13', '', '', '2016-02-01 01:29:33'),
(0, '14', '202309', '31', '', 'Skype; 16:15-16:45', '2016-02-01 03:08:32'),
(0, '15', '202309', '18', '', 'Skype; 17:00-17:30', '2016-02-01 03:09:11'),
(0, '4', '172095', '26', '', '', '2016-02-05 04:51:46'),
(0, '3', '194509', '26', '', '', '2016-02-05 04:52:15'),
(0, '10', '172965', 'X_20160201135300', '', '', '2016-02-01 04:53:00'),
(0, '11', '172965', 'X_20160201135304', '', '', '2016-02-01 04:53:04'),
(0, '12', '194855', '62', '', '', '2016-02-10 08:03:26'),
(0, '10', '193421', 'X_20160201135329', '', '', '2016-02-01 04:53:29'),
(0, '11', '193421', 'X_20160201135332', '', '', '2016-02-01 04:53:32'),
(0, '12', '172267', 'X_20160201135336', '', '', '2016-02-01 04:53:36'),
(0, '13', '172267', 'X_20160201135339', '', '', '2016-02-01 04:53:39'),
(0, '13', '200432', 'X_20160202180845', '', '', '2016-02-02 09:08:45'),
(0, '12', '200432', 'X_20160202180840', '', '', '2016-02-02 09:08:40'),
(0, '11', '172095', 'X_20160201141726', '', '', '2016-02-01 05:17:26'),
(0, '10', '172095', 'X_20160201141722', '', '', '2016-02-01 05:17:22'),
(0, '11', '192402', 'X_20160201143711', '', '', '2016-02-01 05:37:11'),
(0, '10', '192402', 'X_20160201143705', '', '', '2016-02-01 05:37:05'),
(0, '12', '189281', 'X_20160201135359', '', '', '2016-02-01 04:53:59'),
(0, '13', '189281', 'X_20160201135402', '', '', '2016-02-01 04:54:02'),
(0, '10', '176636', 'X_20160201135407', '', '', '2016-02-01 04:54:07'),
(0, '11', '176636', 'X_20160201135411', '', '', '2016-02-01 04:54:11'),
(0, '11', '173117', 'X_20160204152937', '', '', '2016-02-04 06:29:37'),
(0, '10', '173117', 'X_20160204152932', '', '', '2016-02-04 06:29:32'),
(0, '12', '202012', 'X_20160201135423', '', '', '2016-02-01 04:54:23'),
(0, '13', '202012', 'X_20160201135427', '', '', '2016-02-01 04:54:27'),
(0, '12', '197319', 'X_20160201135430', '', '', '2016-02-01 04:54:30'),
(0, '13', '197319', 'X_20160201135433', '', '', '2016-02-01 04:54:33'),
(0, '12', '193052', 'X_20160201135439', '', '', '2016-02-01 04:54:39'),
(0, '13', '193052', 'X_20160201135442', '', '', '2016-02-01 04:54:42'),
(0, '10', '179475', 'X_20160201135446', '', '', '2016-02-01 04:54:46'),
(0, '11', '179475', 'X_20160201135451', '', '', '2016-02-01 04:54:51'),
(0, '12', '189615', 'X_20160201135457', '', '', '2016-02-01 04:54:57'),
(0, '13', '189615', 'X_20160201135501', '', '', '2016-02-01 04:55:01'),
(0, '10', '189595', 'X_20160201135505', '', '', '2016-02-01 04:55:05'),
(0, '11', '189595', 'X_20160201135508', '', '', '2016-02-01 04:55:08'),
(0, '12', '191025', 'X_20160201135513', '', '', '2016-02-01 04:55:13'),
(0, '13', '191025', 'X_20160201135517', '', '', '2016-02-01 04:55:17'),
(0, '12', '177035', 'X_20160201135522', '', '', '2016-02-01 04:55:22'),
(0, '13', '177035', 'X_20160201135525', '', '', '2016-02-01 04:55:25'),
(0, '10', '193007', 'X_20160201135530', '', '', '2016-02-01 04:55:30'),
(0, '11', '193007', 'X_20160201135535', '', '', '2016-02-01 04:55:35'),
(0, '11', '194855', 'X_20160210170345', '', '', '2016-02-10 08:03:45'),
(0, '11', '181250', 'X_20160201142441', '', '', '2016-02-01 05:24:41'),
(0, '10', '181250', 'X_20160201142429', '', '', '2016-02-01 05:24:29'),
(0, '12', '192597', 'X_20160201135907', '', '', '2016-02-01 04:59:07'),
(0, '13', '192597', 'X_20160201135912', '', '', '2016-02-01 04:59:12'),
(0, '10', '202391', 'X_20160201135916', '', '', '2016-02-01 04:59:16'),
(0, '11', '202391', 'X_20160201135920', '', '', '2016-02-01 04:59:20'),
(0, '12', '172255', 'X_20160201135925', '', '', '2016-02-01 04:59:25'),
(0, '13', '172255', 'X_20160201135929', '', '', '2016-02-01 04:59:29'),
(0, '10', '196617', 'X_20160201135934', '', '', '2016-02-01 04:59:34'),
(0, '11', '196617', 'X_20160201135938', '', '', '2016-02-01 04:59:38'),
(0, '10', '193170', '52', '', '', '2016-02-01 09:32:47'),
(0, '5', '193170', '46', 'ID', '', '2016-02-01 09:31:27'),
(0, '11', '182916', 'X_20160201143954', '', '', '2016-02-01 05:39:54'),
(0, '10', '182916', 'X_20160201143932', '', '', '2016-02-01 05:39:32'),
(0, '12', '200845', 'X_20160201140003', '', '', '2016-02-01 05:00:03'),
(0, '13', '200845', 'X_20160201140007', '', '', '2016-02-01 05:00:07'),
(0, '12', '200311', 'X_20160201140014', '', '', '2016-02-01 05:00:14'),
(0, '13', '200311', 'X_20160201140018', '', '', '2016-02-01 05:00:18'),
(0, '12', '182631', 'X_20160201140023', '', '', '2016-02-01 05:00:23'),
(0, '13', '182631', 'X_20160201140026', '', '', '2016-02-01 05:00:26'),
(0, '12', '182801', 'X_20160201140032', '', '', '2016-02-01 05:00:32'),
(0, '13', '182801', 'X_20160201140037', '', '', '2016-02-01 05:00:37'),
(0, '10', '183869', 'X_20160201140042', '', '', '2016-02-01 05:00:42'),
(0, '11', '183869', 'X_20160201140046', '', '', '2016-02-01 05:00:46'),
(0, '12', '196046', 'X_20160201140052', '', '', '2016-02-01 05:00:52'),
(0, '13', '196046', 'X_20160201140059', '', '', '2016-02-01 05:00:59'),
(0, '10', '189257', 'X_20160201140107', '', '', '2016-02-01 05:01:07'),
(0, '11', '189257', 'X_20160201140114', '', '', '2016-02-01 05:01:14'),
(0, '11', '200565', 'X_20160201143011', '', '', '2016-02-01 05:30:11'),
(0, '10', '200565', 'X_20160201143001', '', '', '2016-02-01 05:30:01'),
(0, '12', '189666', 'X_20160201140130', '', '', '2016-02-01 05:01:30'),
(0, '13', '189666', 'X_20160201140138', '', '', '2016-02-01 05:01:38'),
(0, '12', '201834', 'X_20160201140143', '', '', '2016-02-01 05:01:43'),
(0, '13', '201834', 'X_20160201140149', '', '', '2016-02-01 05:01:49'),
(0, '10', '195982', 'X_20160201140154', '', '', '2016-02-01 05:01:54'),
(0, '11', '195982', 'X_20160201140159', '', '', '2016-02-01 05:01:59'),
(0, '10', '193828', 'X_20160201140204', '', '', '2016-02-01 05:02:04'),
(0, '11', '193828', 'X_20160201140208', '', '', '2016-02-01 05:02:08'),
(0, '3', '365984', '20', '', '', '2016-02-02 08:34:45'),
(0, '1', '365984', '23', '', '', '2016-02-02 08:34:24'),
(0, '12', '193723', 'X_20160201140222', '', '', '2016-02-01 05:02:22'),
(0, '13', '193723', 'X_20160201140227', '', '', '2016-02-01 05:02:27'),
(0, '10', '190927', 'X_20160201140231', '', '', '2016-02-01 05:02:31'),
(0, '11', '190927', 'X_20160201140235', '', '', '2016-02-01 05:02:35'),
(0, '10', '36109170', 'X_20160201140241', '', '', '2016-02-01 05:02:41'),
(0, '11', '36109170', 'X_20160201140245', '', '', '2016-02-01 05:02:45'),
(0, '11', '194509', 'X_20160201184311', '', '', '2016-02-01 09:43:11'),
(0, '12', '193170', 'X_20160201184322', '', '', '2016-02-01 09:43:22'),
(0, '13', '193170', 'X_20160201184336', '', '', '2016-02-01 09:43:36'),
(0, '11', '202473', 'X_20160201204925', '', '', '2016-02-01 11:49:25'),
(0, '10', '202473', 'X_20160201204918', '', '', '2016-02-01 11:49:18'),
(0, '10', '194380', 'X_20160201204939', '', '', '2016-02-01 11:49:39'),
(0, '11', '194380', 'X_20160201204944', '', '', '2016-02-01 11:49:44'),
(0, '10', '196504', 'X_20160201204957', '', '', '2016-02-01 11:49:57'),
(0, '11', '196504', 'X_20160201205009', '', '', '2016-02-01 11:50:09'),
(0, '12', '192351', 'X_20160201205016', '', '', '2016-02-01 11:50:16'),
(0, '13', '192351', 'X_20160201205023', '', '', '2016-02-01 11:50:23'),
(0, '10', '194822', 'X_20160201205032', '', '', '2016-02-01 11:50:32'),
(0, '11', '194822', 'X_20160201205038', '', '', '2016-02-01 11:50:38'),
(0, '10', '177190', 'X_20160201205044', '', '', '2016-02-01 11:50:44'),
(0, '11', '177190', 'X_20160201205051', '', '', '2016-02-01 11:50:51'),
(0, '11', '365984', 'X_20160202173657', '', '', '2016-02-02 08:36:57'),
(0, '9', '189666', '62', 'ID', '', '2016-02-03 00:54:17'),
(0, '6', 'X_20160204124925', '31', '', '', '2016-02-04 03:49:25'),
(0, '7', 'X_20160204124928', '31', '', '', '2016-02-04 03:49:28'),
(0, '8', 'X_20160204124931', '31', '', '', '2016-02-04 03:49:31'),
(0, '9', 'X_20160204124934', '31', '', '', '2016-02-04 03:49:34'),
(0, '6', '200432', '29', '', 'Skype', '2016-02-10 00:22:20'),
(0, '8', '173117', '29', 'ID', 'Skype', '2016-02-10 00:22:47');

-- --------------------------------------------------------

--
-- Table structure for table `student`
--

CREATE TABLE IF NOT EXISTS `student` (
  `embark_id` varchar(16) NOT NULL,
  `name` varchar(128) NOT NULL,
  `field` varchar(128) NOT NULL,
  `panel` varchar(16) NOT NULL,
  `gender` varchar(16) NOT NULL,
  PRIMARY KEY (`embark_id`)
) ENGINE=MyISAM DEFAULT CHARSET=utf8;

--
-- Dumping data for table `student`
--

INSERT INTO `student` (`embark_id`, `name`, `field`, `panel`, `gender`) VALUES
('172095', 'Chan, San To', 'Physics, Material Sciences', '2', 'M'),
('172255', 'Lai, Dipti', 'Chemistry', '6', 'F'),
('172267', 'Carter, Luke', 'Physics, Material Sciences', '2', 'M'),
('172965', 'Aboouf, Mostafa', 'Cell Biology', '1', 'M'),
('173117', 'Dauyey, Kaisar', 'Environmental, Ecological, Marine', '1', 'M'),
('176636', 'Cuthbert, Julia Lynn', 'Chemistry', '6', 'F'),
('177035', 'HORIGUCHI, OSAMU', 'Molecular, Cell & Developmental Biology', '1', 'M'),
('177190', 'Wong, Wai Yee', 'Environmental, Ecological, Marine', '4', 'F'),
('179475', 'Foster, Natalie', 'Physics', '2', 'F'),
('181250', 'Jamshaid, Afshan', 'Engineering', '2', 'F'),
('182631', 'Tabuchi Yagui, Takeshi Ricardo', 'Biology', '1', 'M'),
('182801', 'Tazhimbetov, Nurbek', 'Mathematical and Computational Sciences', '5', 'M'),
('182916', 'Nguyen, Ha An', 'Chemistry', '6', 'F'),
('183869', 'Thomasen, Andreas Mounir Demetry', 'Physics, Material Sciences', '2', 'M'),
('189257', 'Venuturumilli, Sai Sreesh', 'Physics, Material Sciences', '2', 'M'),
('189281', 'Cortese, Daphne', 'Environmental, Ecological, Marine', '4', 'F'),
('189595', 'Han, Dongqi', 'Physics, Material Sciences', '2', 'M'),
('189615', 'Guzman, Christine Joy', 'Environmental, Ecological, Marine', '4', 'F'),
('189666', 'WU, WENBIN', 'Chemistry', '6', 'M'),
('190927', 'Zhang, Ming', 'Physics, Material Sciences', '2', 'M'),
('191025', 'Hernández Malmierca, Pablo', 'Molecular, Cell & Developmental Biology', '1', 'M'),
('192351', 'USUI, AYAKA', 'Physics', '2', 'F'),
('192402', 'Chong, Wee Lic', 'Neuroscience', '3', 'M'),
('192597', 'Kowal, Emma', 'Biology', '1', 'F'),
('193007', 'HOU, SIQING', 'Mathematical and Computational Sciences', '5', 'M'),
('193052', 'Dey, Swagata', 'Molecular, Cell & Developmental Biology', '1', 'F'),
('193170', 'Khan, Mariyam', 'Mathematical and Computational Sciences', '5', 'F'),
('193421', 'Cao, Dong', 'Chemistry', '6', 'M'),
('193723', 'ZHAN, TAO', 'Physics, Material Sciences', '2', 'M'),
('193828', 'Yu, Junhong', 'Physics, Material Sciences', '2', 'M'),
('194251', 'SOTOODEH, MANI', 'Mathematical and Computational Sciences', '5', 'M'),
('194380', 'Mihai, Alexandru', 'Mathematical and Computational Sciences', '5', 'M'),
('194509', 'OYA, MEGUMI', 'Biomedical', '5', 'F'),
('194822', 'Wan, Kun', 'Mathematical and Computational Sciences', '5', 'M'),
('194855', 'Huang, Tsung-Yen', 'Molecular, Cell & Developmental Biology', '1', 'M'),
('365984', 'Spivak, Alexander', 'Biology', '1', 'M'),
('195982', 'Yamashita, Minato', 'Environmental, Ecological, Marine', '4', 'M'),
('196504', 'Taira, Masakazu', 'Neuroscience', '3', 'M'),
('196617', 'LI, KUN-LUNG', 'Molecular, Cell & Developmental Biology', '1', 'M'),
('197319', 'Deckoff-Jones, Skylar', 'Physics, Material Sciences', '2', 'M'),
('200311', 'Ricci, Elizabeth', 'Environmental, Ecological, Marine', '4', 'F'),
('200432', 'Centonze, Matteo', 'Physics, Material Sciences', '2', 'M'),
('200565', 'Wu, Po-Kuan', 'Physics, Material Sciences', '2', 'M'),
('200845', 'PEREZ URQUIZO, JOEL', 'Physics, Material Sciences', '2', 'M'),
('201834', 'XU, CE', 'Physics, Material Sciences', '2', 'M'),
('202012', 'DE RUTTE, JOSEPH MICHAEL', 'Engineering', '2', 'M'),
('202309', 'Boquet i Pujadas, Aleix', 'Mathematical and Computational Sciences', '5', 'M'),
('202391', 'Kumar, Vibhor', 'Mathematical and Computational Sciences', '5', 'M'),
('202473', 'Remund, Kimberly', 'Physics, Material Sciences', '2', 'F'),
('36109170', 'Zou, Yukai	', 'Biology', '3', 'M'),
('196046', 'TOULKERIDOU, EVROPI', 'Mathematical and Computational Sciences', '5', 'M');

-- --------------------------------------------------------

--
-- Table structure for table `timeslot`
--

CREATE TABLE IF NOT EXISTS `timeslot` (
  `slot_id` varchar(10) NOT NULL,
  `date` varchar(24) NOT NULL,
  `from` varchar(10) NOT NULL,
  `to` varchar(10) NOT NULL,
  PRIMARY KEY (`slot_id`)
) ENGINE=MyISAM DEFAULT CHARSET=utf8;

--
-- Dumping data for table `timeslot`
--

INSERT INTO `timeslot` (`slot_id`, `date`, `from`, `to`) VALUES
('1', 'Feb 17', '09:30', '10:00'),
('2', 'Feb 17', '10:15', '10:45'),
('3', 'Feb 17', '11:00', '11:30'),
('4', 'Feb 17', '11:45', '12:15'),
('5', 'Feb 17', '14:00', '14:30'),
('6', 'Feb 17', '14:45', '15:15'),
('7', 'Feb 17', '15:30', '16:00'),
('8', 'Feb 17', '16:15', '16:45'),
('9', 'Feb 17', '17:00', '17:30'),
('10', 'Feb 18', '09:15', '09:45'),
('11', 'Feb 18', '10:00', '10:30'),
('12', 'Feb 18', '10:45', '11:15'),
('13', 'Feb 18', '11:30', '12:00'),
('14', 'Feb 18', '16:30', '17:00'),
('15', 'Feb 18', '17:10', '17:40'),
('16', 'Feb 18', '17:50', '18:20'),
('17', 'Feb 18', '18:30', '19:00'),
('18', 'Feb 16', '12:30', '13:00'),
('19', 'Feb 16', '10:00', '10:30'),
('20', 'Feb 16', '10:40', '11:10'),
('21', 'Feb 16', '11:20', '11:50');

/*!40101 SET CHARACTER_SET_CLIENT=@OLD_CHARACTER_SET_CLIENT */;
/*!40101 SET CHARACTER_SET_RESULTS=@OLD_CHARACTER_SET_RESULTS */;
/*!40101 SET COLLATION_CONNECTION=@OLD_COLLATION_CONNECTION */;
