-- phpMyAdmin SQL Dump
-- version 3.4.7.1
-- http://www.phpmyadmin.net
--
-- Host: localhost
-- Generation Time: Jul 05, 2016 at 03:14 PM
-- Server version: 5.5.46
-- PHP Version: 5.6.23

SET SQL_MODE="NO_AUTO_VALUE_ON_ZERO";
SET time_zone = "+00:00";


/*!40101 SET @OLD_CHARACTER_SET_CLIENT=@@CHARACTER_SET_CLIENT */;
/*!40101 SET @OLD_CHARACTER_SET_RESULTS=@@CHARACTER_SET_RESULTS */;
/*!40101 SET @OLD_COLLATION_CONNECTION=@@COLLATION_CONNECTION */;
/*!40101 SET NAMES utf8 */;

--
-- Database: `matrix`
--

-- --------------------------------------------------------

--
-- Table structure for table `faculty`
--

CREATE TABLE IF NOT EXISTS `faculty` (
  `faculty_id` varchar(16) NOT NULL,
  `login` varchar(32) NOT NULL,
  `name` varchar(128) NOT NULL,
  `long_name` varchar(128) NOT NULL,
  `field` varchar(256) NOT NULL,
  `panel` varchar(16) NOT NULL,
  `building` varchar(16) NOT NULL,
  `floor` varchar(16) NOT NULL,
  `room` varchar(24) NOT NULL,
  `email` varchar(128) NOT NULL,
  `ra` varchar(128) NOT NULL,
  `raemail` varchar(128) NOT NULL,
  PRIMARY KEY (`faculty_id`)
) ENGINE=MyISAM DEFAULT CHARSET=utf8;

--
-- Dumping data for table `faculty`
--

INSERT INTO `faculty` (`faculty_id`, `login`, `name`, `long_name`, `field`, `panel`, `building`, `floor`, `room`, `email`, `ra`, `raemail`) VALUES
('5', '', 'Wickens', 'Wickens, Jeffery', '', '3', 'Lab1', 'D', 'D009', 'wickens@oist.jp', 'Suzuki', 'ysuzuki@oist.jp'),
('6', '', 'Satoh', 'Satoh, Noriyuki', '', '1', 'Lab1', 'C', 'C005', 'norisky@oist.jp', 'Yamakawa, Teruya', 'syamakaw@oist.jp; t-teruya@oist.jp'),
('7', '', 'Yamamoto', 'Yamamoto, Tadashi', '', '1', 'Lab2', 'C', 'C621', 'tadashi.yamamoto@oist.jp', 'Yamashiro', 'kyamashiro@oist.jp'),
('8', '', 'Samatey', 'Samatey, Fadel', '', '1', 'Lab1', 'C', 'C006', 'f.a.samatey@oist.jp', 'Hedo', 'saeko.hedo@oist.jp'),
('9', '', 'Masai ', 'Masai, Ichiro', '', '1', 'Lab1', 'C', 'C002', 'masai@oist.jp', 'Gima', 'agima@oist.jp'),
('10', '', 'Miller', 'Miller, Jonathan', '', '2', 'Lab2', 'B', 'B627', 'jnthnmllr@oist.jp', 'Tanahara', 'midori.tanahara@oist.jp'),
('13', '', 'Qi ', 'Qi, Yabing', '', '2', 'Lab2', 'A', 'A622', 'yabing.qi@oist.jp', 'Masaki', 'ayako.masaki@oist.jp'),
('14', '', 'Dani', 'Dani, Keshav', '', '2', 'Lab2', 'C', 'C624\n', 'kmdani@oist.jp', 'Saito', 'shiho.saito@oist.jp'),
('15', '', 'Busch', 'Busch, Thomas', '', '2', 'Lab2', 'B', 'B626', 'thomas.busch@oist.jp', 'Koki', 'sawako.koki@oist.jp'),
('16', '', 'Shannon ', 'Shannon, Nic', '', '2', 'Lab2', 'B', 'B622', 'nic.shannon@oist.jp', 'Saito', 'shiho.saito@oist.jp'),
('17', '', 'Nic Chormaic ', 'Nic Chormaic, Sile', '', '2', 'Lab2', 'B', 'B623', 'sile.nicchormaic@oist.jp', 'Nakamura', 'emi.nakamura@oist.jp'),
('18', '', 'Hikami ', 'Hikami, Shinobu', '', '2', 'Lab2', 'B', 'B625', 'hikami@oist.jp', 'Tokuda', 'miwako.tokuda@oist.jp'),
('19', '', 'De Schutter', 'De Schutter, Erik', '', '3', 'Lab2', 'B', 'B621', 'erik@oist.jp', 'Matsuoka', 'sachie.matsuoka@oist.jp'),
('20', '', 'Doya ', 'Doya, Kenji', '', '3', 'Lab1', 'D', 'D010', 'doya@oist.jp', 'Matsuo, Asato', 'kikuko.matsuo@oist.jp; easato@oist.jp'),
('21', '', 'Yazaki-Sugiyama ', 'Yazaki-Sugiyama, Yoko', '', '3', 'Lab3', 'B', 'B727', 'yazaki-sugiyama@oist.jp', 'Blanck', 'sachiko.blanck@oist.jp'),
('22', '', 'Tanaka', 'Tanaka, Fujie', '', '6', 'Lab2', 'C', 'C628', 'ftanaka@oist.jp', 'Chinen', 'shiho.chinen@oist.jp'),
('23', '', 'Sowwan', 'Sowwan, Mukhles', '', '2', 'Lab2', 'C', 'C623\n', 'mukhles@oist.jp', 'Takahashi', 'yumi.takahashi@oist.jp'),
('24', '', 'Bandi', 'Bandi, Mahesh', '', '2', 'Lab2', 'A', 'A627\n', 'bandi@oist.jp', 'Sakiyama', 'ayano.sakiyama@oist.jp'),
('25', '', 'D. Dorfan', 'Dorfan, David', '', '2', 'Lab3', 'B', 'B716c', 'david.dorfan@oist.jp', 'Jenny Zhang ', 'jenny.zhang@oist.jp'),
('26', '', 'Stephens', 'Stephens, Greg', '', '3', 'Lab2', 'A', 'A623', 'greg.stephens@oist.jp', 'Seki', 'yukiko.seki@oist.jp'),
('27', '', 'Takahashi', 'Takahashi, Tomoyuki', '', '3', 'Lab1', 'D', 'D005', 'ttakahas@oist.jp', 'Gordon', 'sayori.gordon@oist.jp'),
('29', '', 'Mikheyev', 'Mikheyev, Alexander', '', '4', 'Lab3', 'B', 'B726', 'alexander.mikheyev@oist.jp', 'Fujitomi', 'yoko.fujitomi@oist.jp'),
('31', '', 'Arbuthnott', 'Arbuthnott, Gordon', '', '3', 'Lab1', 'D', 'D001', 'gordon@oist.jp', 'Chinone, Cantereau', 'hiroko.chinone@oist.jp; akiko.cantereau@oist.jp'),
('33', '', 'Chakraborty', 'Chakraborty, Pinaki', '', '5', 'Lab2', 'B', 'B624', 'pinaki@oist.jp', 'Egashira', 'e-kaori@oist.jp'),
('34', '', 'Kitano', 'Kitano, Hiroaki', '', '1', 'Lab3', 'B', 'B705b', 'kitano@oist.jp', 'Tanahara', 'midori.tanahara@oist.jp'),
('35', '', 'Konstantinov', 'Konstantinov, Denis', '', '2', 'Lab2', 'A', 'A621', 'denis@oist.jp', 'Tazuke', 'taki.tazuke@oist.jp'),
('36', '', 'Kuhn', 'Kuhn, Bernd', '', '3', 'Lab1', 'D', 'D007', 'bkuhn@oist.jp', 'Chinone', 'hiroko.chinone@oist.jp'),
('37', '', 'Maruyama', 'Maruyama, Ichiro', '', '1', 'Lab1', 'C', 'C010', 'ichi@oist.jp', 'Ohtaki', 'hitomi.ohtaki@oist.jp'),
('38', '', 'Mitarai', 'Mitarai, Satoshi', '', '4', 'Lab2', 'C', 'C622', 'satoshi@oist.jp', 'Arasaki', 'chihiro.arasaki@oist.jp'),
('39', '', 'Tripp', 'Tripp, Gail', '', '3', 'Lab3', 'B', 'B716d', 'tripp@oist.jp', 'Puca', 'aya.puca@oist.jp'),
('40', '', 'Marquez-Lago', 'Marquez-Lago, Tatiana', '', '5', 'Lab1', 'D', 'D003', 'tatiana.marquez@oist.jp', 'Ozaki', 'yuka.ozaki@oist.jp'),
('41', '', 'Luscombe', 'Luscombe, Nicholas', '', '1', 'Lab3', 'C', 'C737', 'luscombe@oist.jp', 'Ozaki', 'yuka.ozaki@oist.jp'),
('42', '', 'Yanagida', 'Yanagida, Mitsuhiro', '', '1', 'Lab1', 'C', 'C007', 'myanagid@gmail.com', 'Sugiyama', 'chikako.sugiyama@oist.jp'),
('43', '', 'Economo', 'Economo, Evan P', '', '4', 'Lab3', 'B', 'B722', 'economo@oist.jp', 'Oshiro', 'chisa.oshiro@oist.jp'),
('44', '', 'Sinclair', 'Sinclair, Robert', '', '5', 'Lab2', 'A', 'A624', 'sinclair@oist.jp', 'Fibbs', 's.fibbs@oist.jp'),
('45', '', 'Saze', 'Saze, Hidetoshi', '', '1', 'Lab2', 'C', 'C627', 'hidetoshi.saze@oist.jp', 'Fujitomi', 'yoko.fujitomi@oist.jp'),
('46', '', 'Gioia', 'Gioia, Gustavo', '', '2', 'Lab2', 'B', 'B628', 'ggioia@oist.jp', 'Egashira', 'e-kaori@oist.jp'),
('48', '', 'Shintake', 'Shintake, Tsumoru', '', '2', 'Lab2', 'C', 'C625', 'shintake@oist.jp', 'Taba', 'hitomi.taba@oist.jp'),
('49', '', 'Ishikawa', 'Ishikawa, Hiroki', '', '1', 'Lab2', 'C', 'C626', 'hiroki.ishikawa@oist.jp', 'Yoshizawa', 'rika.yoshizawa@oist.jp'),
('50', '', 'Van Vactor', 'Van Vactor, David', '', '1', 'Lab1', 'C', '', 'davie@oist.jp', 'Fibbs', 's.fibbs@oist.jp'),
('51', '', 'Wolf', 'Wolf, Matthias', '', '1', 'Lab1', 'C', 'C009', 'matthias.wolf@oist.jp', 'Yoshizawa', 'rika.yoshizawa@oist.jp'),
('52', '', 'Skoglund', 'Skoglund, Ulf', '', '5', 'Lab3', 'B', 'B720', 'ulf.skoglund@oist.jp', 'Kuda', 'shizuka.kuda@oist.jp'),
('54', '', 'Sugawara', 'Sugawara, Hirotaka', '', '2', 'Lab2', 'B', '', 'hirotaka.sugawara@oist.jp', 'Suzuki', 'fumiko.suzuki@oist.jp'),
('55', '', 'Goryanin', 'Goryanin, Igor', '', '1', 'Lab3', 'B', 'B705a', 'goryanin@oist.jp', 'Kuda', 'shizuka.kuda@oist.jp'),
('57', '', 'Fried', 'Fried, Elliot', '', '5', 'Lab3', 'B', 'B723', 'eliot.fried@oist.jp', 'Tokumoto', 'naoko.tokumoto@oist.jp'),
('58', '', 'Shen', 'Shen, Amy', '', '2', 'Lab3', 'B', 'B721\n', 'amy.shen@oist.jp', 'Kaneshi', 'yuno.kaneshi@oist.jp'),
('61', '', 'Yokobayashi', 'Yokobayashi, Yohei', '', '6', 'Lab3', 'C', 'C731', 'yohei.yokobayashi@oist.jp', 'Shinzato', 'hitomi.shinzato@oist.jp'),
('62', '', 'Khusnutdinova', 'Khusnutdinova, Julia', '', '6', 'Lab3', 'C', 'C730', 'juliak@oist.jp', 'Azama', 'azama@oist.jp'),
('63', '', 'Zhang', 'Zhang, Ye', '', '6', 'Lab3', 'C', 'C732', 'ye.zhang@oist.jp', 'Shinzato', 'hitomi.shinzato@oist.jp'),
('64', 'hiroshi-watanabe', 'Watanabe', 'Watanabe, Hiroshi', '', '', 'Lab3', 'C', 'C736', 'hiroshi.watanabe@oist.jp', 'Arasaki', 'chihiro.arasaki@oist.jp'),
('65', 'kusumiaki', 'Kusumi', 'Kusumi, Akihiro', '', '', 'Lab1', 'C', 'C004', 'akihiro.kusumi@oist.jp', 'Tokuda', 'miwako.tokuda@oist.jp');

-- --------------------------------------------------------

--
-- Table structure for table `matrix`
--

CREATE TABLE IF NOT EXISTS `matrix` (
  `id` int(16) NOT NULL,
  `timeslot` varchar(16) NOT NULL,
  `student` varchar(16) NOT NULL,
  `faculty` varchar(16) NOT NULL,
  `indepth` varchar(5) NOT NULL,
  `comment` varchar(2048) NOT NULL,
  `ts` timestamp NOT NULL DEFAULT CURRENT_TIMESTAMP ON UPDATE CURRENT_TIMESTAMP,
  UNIQUE KEY `timeslot` (`timeslot`,`student`),
  UNIQUE KEY `timeslot_2` (`timeslot`,`faculty`)
) ENGINE=MyISAM  DEFAULT CHARSET=utf8;

--
-- Dumping data for table `matrix`
--

INSERT INTO `matrix` (`id`, `timeslot`, `student`, `faculty`, `indepth`, `comment`, `ts`) VALUES
(0, '20', 'X_20160523174138', '49', '', '', '2016-05-23 08:41:38'),
(0, '21', 'X_20160523174142', '49', '', '', '2016-05-23 08:41:42'),
(0, '19', 'X_20160523174414', '45', '', '', '2016-05-23 08:44:14'),
(0, '20', 'X_20160523174419', '45', '', '', '2016-05-23 08:44:19'),
(0, '19', 'X_20160523174434', '31', '', '', '2016-05-23 08:44:34'),
(0, '20', 'X_20160523174437', '31', '', '', '2016-05-23 08:44:37'),
(0, '19', 'X_20160523174442', '27', '', '', '2016-05-23 08:44:42'),
(0, '20', 'X_20160523174446', '27', '', '', '2016-05-23 08:44:46'),
(0, '20', 'X_20160523174503', '18', '', '', '2016-05-23 08:45:03'),
(0, '21', 'X_20160523174506', '18', '', '', '2016-05-23 08:45:06'),
(0, '1', 'X_20160523174535', '6', '', '', '2016-05-23 08:45:35'),
(0, '2', 'X_20160523174539', '6', '', '', '2016-05-23 08:45:39'),
(0, '5', 'X_20160523174803', '6', '', '', '2016-05-23 08:48:03'),
(0, '6', 'X_20160523174813', '6', '', '', '2016-05-23 08:48:13'),
(0, '7', 'X_20160523174830', '6', '', '', '2016-05-23 08:48:30'),
(0, '8', 'X_20160523174926', '6', '', '', '2016-05-23 08:49:26'),
(0, '19', 'X_20160523175202', '16', '', '', '2016-05-23 08:52:02'),
(0, '20', 'X_20160523175213', '16', '', '', '2016-05-23 08:52:13'),
(0, '21', 'X_20160523175217', '16', '', '', '2016-05-23 08:52:17'),
(0, '1', 'X_20160523175221', '16', '', '', '2016-05-23 08:52:21'),
(0, '2', 'X_20160523175225', '16', '', '', '2016-05-23 08:52:25'),
(0, '3', 'X_20160523175230', '16', '', '', '2016-05-23 08:52:30'),
(0, '4', 'X_20160523175233', '16', '', '', '2016-05-23 08:52:33'),
(0, '5', 'X_20160523175237', '16', '', '', '2016-05-23 08:52:37'),
(0, '6', 'X_20160523175241', '16', '', '', '2016-05-23 08:52:41'),
(0, '7', 'X_20160523175245', '16', '', '', '2016-05-23 08:52:45'),
(0, '8', 'X_20160523175249', '16', '', '', '2016-05-23 08:52:49'),
(0, '9', 'X_20160523175252', '16', '', '', '2016-05-23 08:52:52'),
(0, '10', 'X_20160523175257', '16', '', '', '2016-05-23 08:52:57'),
(0, '11', 'X_20160523175300', '16', '', '', '2016-05-23 08:53:00'),
(0, '12', 'X_20160523175304', '16', '', '', '2016-05-23 08:53:04'),
(0, '13', 'X_20160523175308', '16', '', '', '2016-05-23 08:53:08'),
(0, '14', 'X_20160523175312', '16', '', '', '2016-05-23 08:53:12'),
(0, '15', 'X_20160523175315', '16', '', '', '2016-05-23 08:53:15'),
(0, '16', 'X_20160523175318', '16', '', '', '2016-05-23 08:53:18'),
(0, '17', 'X_20160523175322', '16', '', '', '2016-05-23 08:53:22'),
(0, '10', 'X_20160523175605', '52', '', '', '2016-05-23 08:56:05'),
(0, '11', 'X_20160523175608', '52', '', '', '2016-05-23 08:56:08'),
(0, '12', 'X_20160523175612', '52', '', '', '2016-05-23 08:56:12'),
(0, '14', 'X_20160523180028', '41', '', '', '2016-05-23 09:00:28'),
(0, '15', 'X_20160523180034', '41', '', '', '2016-05-23 09:00:34'),
(0, '16', 'X_20160523180038', '41', '', '', '2016-05-23 09:00:38'),
(0, '14', 'X_20160523180100', '33', '', '', '2016-05-23 09:01:00'),
(0, '15', 'X_20160523180103', '33', '', '', '2016-05-23 09:01:03'),
(0, '16', 'X_20160523180106', '33', '', '', '2016-05-23 09:01:06'),
(0, '21', 'X_20160525100010', '35', '', '', '2016-05-25 01:00:10'),
(0, '20', 'X_20160525100007', '35', '', '', '2016-05-25 01:00:07'),
(0, '19', 'X_20160525100002', '35', '', '', '2016-05-25 01:00:02'),
(0, '19', 'X_20160523180549', '14', '', '', '2016-05-23 09:05:49'),
(0, '20', 'X_20160523180552', '14', '', '', '2016-05-23 09:05:52'),
(0, '21', 'X_20160523180555', '14', '', '', '2016-05-23 09:05:55'),
(0, '1', 'X_20160523180602', '14', '', '', '2016-05-23 09:06:02'),
(0, '2', 'X_20160523180605', '14', '', '', '2016-05-23 09:06:05'),
(0, '3', 'X_20160523180610', '14', '', '', '2016-05-23 09:06:10'),
(0, '4', 'X_20160523180613', '14', '', '', '2016-05-23 09:06:13'),
(0, '5', 'X_20160523180616', '14', '', '', '2016-05-23 09:06:16'),
(0, '6', 'X_20160523180618', '14', '', '', '2016-05-23 09:06:18'),
(0, '7', 'X_20160523180621', '14', '', '', '2016-05-23 09:06:21'),
(0, '8', 'X_20160523180623', '14', '', '', '2016-05-23 09:06:23'),
(0, '9', 'X_20160523180626', '14', '', '', '2016-05-23 09:06:26'),
(0, '10', 'X_20160523180629', '14', '', '', '2016-05-23 09:06:29'),
(0, '11', 'X_20160523180632', '14', '', '', '2016-05-23 09:06:32'),
(0, '12', 'X_20160523180635', '14', '', '', '2016-05-23 09:06:35'),
(0, '13', 'X_20160523180638', '14', '', '', '2016-05-23 09:06:38'),
(0, '14', 'X_20160523180643', '14', '', '', '2016-05-23 09:06:43'),
(0, '15', 'X_20160523180646', '14', '', '', '2016-05-23 09:06:46'),
(0, '16', 'X_20160523180649', '14', '', '', '2016-05-23 09:06:49'),
(0, '17', 'X_20160523180652', '14', '', '', '2016-05-23 09:06:52'),
(0, '10', 'X_20160523180841', '20', '', '', '2016-05-23 09:08:41'),
(0, '11', 'X_20160523180843', '20', '', '', '2016-05-23 09:08:43'),
(0, '12', 'X_20160523180846', '20', '', '', '2016-05-23 09:08:46'),
(0, '13', 'X_20160523180849', '20', '', '', '2016-05-23 09:08:49'),
(0, '14', 'X_20160523180852', '20', '', '', '2016-05-23 09:08:52'),
(0, '15', 'X_20160523180856', '20', '', '', '2016-05-23 09:08:56'),
(0, '16', 'X_20160523180859', '20', '', '', '2016-05-23 09:08:59'),
(0, '17', 'X_20160523180903', '20', '', '', '2016-05-23 09:09:03'),
(0, '19', 'X_20160523181015', '46', '', '', '2016-05-23 09:10:15'),
(0, '20', 'X_20160523181018', '46', '', '', '2016-05-23 09:10:18'),
(0, '21', 'X_20160523181021', '46', '', '', '2016-05-23 09:10:21'),
(0, '1', 'X_20160523181024', '46', '', '', '2016-05-23 09:10:24'),
(0, '2', 'X_20160523181027', '46', '', '', '2016-05-23 09:10:27'),
(0, '3', 'X_20160523181030', '46', '', '', '2016-05-23 09:10:30'),
(0, '4', 'X_20160523181032', '46', '', '', '2016-05-23 09:10:32'),
(0, '10', 'X_20160523181037', '46', '', '', '2016-05-23 09:10:37'),
(0, '11', 'X_20160523181046', '46', '', '', '2016-05-23 09:10:46'),
(0, '12', 'X_20160523181049', '46', '', '', '2016-05-23 09:10:49'),
(0, '13', 'X_20160523181052', '46', '', '', '2016-05-23 09:10:52'),
(0, '14', 'X_20160523181055', '46', '', '', '2016-05-23 09:10:55'),
(0, '15', 'X_20160523181058', '46', '', '', '2016-05-23 09:10:58'),
(0, '16', 'X_20160523181101', '46', '', '', '2016-05-23 09:11:01'),
(0, '17', 'X_20160523181105', '46', '', '', '2016-05-23 09:11:05'),
(0, '19', 'X_20160523181141', '18', '', '', '2016-05-23 09:11:41'),
(0, '1', 'X_20160523181144', '18', '', '', '2016-05-23 09:11:44'),
(0, '2', 'X_20160523181149', '18', '', '', '2016-05-23 09:11:49'),
(0, '3', 'X_20160523181151', '18', '', '', '2016-05-23 09:11:51'),
(0, '4', 'X_20160523181154', '18', '', '', '2016-05-23 09:11:54'),
(0, '5', 'X_20160523181157', '18', '', '', '2016-05-23 09:11:57'),
(0, '6', 'X_20160523181200', '18', '', '', '2016-05-23 09:12:00'),
(0, '7', 'X_20160523181203', '18', '', '', '2016-05-23 09:12:03'),
(0, '8', 'X_20160523181206', '18', '', '', '2016-05-23 09:12:06'),
(0, '9', 'X_20160523181209', '18', '', '', '2016-05-23 09:12:09'),
(0, '10', 'X_20160523181212', '18', '', '', '2016-05-23 09:12:12'),
(0, '11', 'X_20160523181215', '18', '', '', '2016-05-23 09:12:15'),
(0, '12', 'X_20160523181218', '18', '', '', '2016-05-23 09:12:18'),
(0, '13', 'X_20160523181221', '18', '', '', '2016-05-23 09:12:21'),
(0, '14', 'X_20160523181224', '18', '', '', '2016-05-23 09:12:24'),
(0, '15', 'X_20160523181227', '18', '', '', '2016-05-23 09:12:27'),
(0, '16', 'X_20160523181230', '18', '', '', '2016-05-23 09:12:30'),
(0, '17', 'X_20160523181235', '18', '', '', '2016-05-23 09:12:35'),
(0, '19', 'X_20160523181326', '34', '', '', '2016-05-23 09:13:26'),
(0, '20', 'X_20160523181329', '34', '', '', '2016-05-23 09:13:29'),
(0, '21', 'X_20160523181331', '34', '', '', '2016-05-23 09:13:31'),
(0, '1', 'X_20160523181334', '34', '', '', '2016-05-23 09:13:34'),
(0, '2', 'X_20160523181336', '34', '', '', '2016-05-23 09:13:36'),
(0, '3', 'X_20160523181340', '34', '', '', '2016-05-23 09:13:40'),
(0, '4', 'X_20160523181342', '34', '', '', '2016-05-23 09:13:42'),
(0, '5', 'X_20160523181346', '34', '', '', '2016-05-23 09:13:46'),
(0, '6', 'X_20160523181349', '34', '', '', '2016-05-23 09:13:49'),
(0, '7', 'X_20160523181351', '34', '', '', '2016-05-23 09:13:51'),
(0, '8', 'X_20160523181354', '34', '', '', '2016-05-23 09:13:54'),
(0, '9', 'X_20160523181357', '34', '', '', '2016-05-23 09:13:57'),
(0, '13', 'X_20160523181422', '34', '', '', '2016-05-23 09:14:22'),
(0, '14', 'X_20160523181425', '34', '', '', '2016-05-23 09:14:25'),
(0, '15', 'X_20160523181429', '34', '', '', '2016-05-23 09:14:29'),
(0, '16', 'X_20160523181431', '34', '', '', '2016-05-23 09:14:31'),
(0, '17', 'X_20160523181435', '34', '', '', '2016-05-23 09:14:35'),
(0, '7', 'X_20160523181520', '35', '', '', '2016-05-23 09:15:20'),
(0, '6', 'X_20160523181523', '35', '', '', '2016-05-23 09:15:23'),
(0, '5', 'X_20160523181525', '35', '', '', '2016-05-23 09:15:25'),
(0, '19', 'X_20160524090651', '41', '', '', '2016-05-24 00:06:51'),
(0, '20', 'X_20160524090654', '41', '', '', '2016-05-24 00:06:54'),
(0, '21', 'X_20160524090657', '41', '', '', '2016-05-24 00:06:57'),
(0, '1', 'X_20160524090700', '41', '', '', '2016-05-24 00:07:00'),
(0, '2', 'X_20160524090704', '41', '', '', '2016-05-24 00:07:04'),
(0, '3', 'X_20160524090707', '41', '', '', '2016-05-24 00:07:07'),
(0, '4', 'X_20160524090710', '41', '', '', '2016-05-24 00:07:10'),
(0, '5', 'X_20160524090713', '41', '', '', '2016-05-24 00:07:13'),
(0, '6', 'X_20160524090716', '41', '', '', '2016-05-24 00:07:16'),
(0, '7', 'X_20160524090719', '41', '', '', '2016-05-24 00:07:19'),
(0, '8', 'X_20160524090722', '41', '', '', '2016-05-24 00:07:22'),
(0, '9', 'X_20160524090726', '41', '', '', '2016-05-24 00:07:26'),
(0, '10', 'X_20160524090729', '41', '', '', '2016-05-24 00:07:29'),
(0, '11', 'X_20160524090732', '41', '', '', '2016-05-24 00:07:32'),
(0, '12', 'X_20160524090736', '41', '', '', '2016-05-24 00:07:36'),
(0, '13', 'X_20160524090902', '41', '', '', '2016-05-24 00:09:02'),
(0, '17', 'X_20160524090907', '41', '', '', '2016-05-24 00:09:07'),
(0, '19', 'X_20160524090920', '29', '', '', '2016-05-24 00:09:20'),
(0, '20', 'X_20160524090923', '29', '', '', '2016-05-24 00:09:23'),
(0, '21', 'X_20160524090926', '29', '', '', '2016-05-24 00:09:26'),
(0, '1', 'X_20160524090929', '29', '', '', '2016-05-24 00:09:29'),
(0, '2', 'X_20160524090932', '29', '', '', '2016-05-24 00:09:32'),
(0, '3', 'X_20160524090935', '29', '', '', '2016-05-24 00:09:35'),
(0, '4', 'X_20160524090938', '29', '', '', '2016-05-24 00:09:38'),
(0, '5', 'X_20160524090942', '29', '', '', '2016-05-24 00:09:42'),
(0, '6', 'X_20160524090945', '29', '', '', '2016-05-24 00:09:45'),
(0, '7', 'X_20160524090948', '29', '', '', '2016-05-24 00:09:48'),
(0, '8', 'X_20160524090951', '29', '', '', '2016-05-24 00:09:51'),
(0, '9', 'X_20160524090954', '29', '', '', '2016-05-24 00:09:54'),
(0, '10', 'X_20160524091004', '29', '', '', '2016-05-24 00:10:04'),
(0, '11', 'X_20160524091007', '29', '', '', '2016-05-24 00:10:07'),
(0, '12', 'X_20160524091010', '29', '', '', '2016-05-24 00:10:10'),
(0, '13', 'X_20160524091013', '29', '', '', '2016-05-24 00:10:13'),
(0, '14', 'X_20160524091016', '29', '', '', '2016-05-24 00:10:16'),
(0, '15', 'X_20160524091019', '29', '', '', '2016-05-24 00:10:19'),
(0, '16', 'X_20160524091023', '29', '', '', '2016-05-24 00:10:23'),
(0, '17', 'X_20160524091028', '29', '', '', '2016-05-24 00:10:28'),
(0, '19', 'X_20160524091050', '17', '', '', '2016-05-24 00:10:50'),
(0, '20', 'X_20160524091053', '17', '', '', '2016-05-24 00:10:53'),
(0, '21', 'X_20160524091056', '17', '', '', '2016-05-24 00:10:56'),
(0, '1', 'X_20160524091059', '17', '', '', '2016-05-24 00:10:59'),
(0, '2', 'X_20160524091102', '17', '', '', '2016-05-24 00:11:02'),
(0, '3', 'X_20160524091106', '17', '', '', '2016-05-24 00:11:06'),
(0, '4', 'X_20160524091108', '17', '', '', '2016-05-24 00:11:08'),
(0, '5', 'X_20160524091112', '17', '', '', '2016-05-24 00:11:12'),
(0, '6', 'X_20160524091115', '17', '', '', '2016-05-24 00:11:15'),
(0, '7', 'X_20160524091118', '17', '', '', '2016-05-24 00:11:18'),
(0, '8', 'X_20160524091121', '17', '', '', '2016-05-24 00:11:21'),
(0, '9', 'X_20160524091124', '17', '', '', '2016-05-24 00:11:24'),
(0, '10', 'X_20160524091128', '17', '', '', '2016-05-24 00:11:28'),
(0, '11', 'X_20160524091131', '17', '', '', '2016-05-24 00:11:31'),
(0, '12', 'X_20160524091134', '17', '', '', '2016-05-24 00:11:34'),
(0, '13', 'X_20160524091136', '17', '', '', '2016-05-24 00:11:36'),
(0, '14', 'X_20160524091141', '17', '', '', '2016-05-24 00:11:41'),
(0, '15', 'X_20160524091143', '17', '', '', '2016-05-24 00:11:43'),
(0, '16', 'X_20160524091146', '17', '', '', '2016-05-24 00:11:46'),
(0, '17', 'X_20160524091149', '17', '', '', '2016-05-24 00:11:49'),
(0, '10', 'X_20160524091219', '13', '', '', '2016-05-24 00:12:19'),
(0, '11', 'X_20160524091222', '13', '', '', '2016-05-24 00:12:22'),
(0, '12', 'X_20160524091225', '13', '', '', '2016-05-24 00:12:25'),
(0, '13', 'X_20160524091228', '13', '', '', '2016-05-24 00:12:28'),
(0, '19', 'X_20160524091516', '52', '', '', '2016-05-24 00:15:16'),
(0, '20', 'X_20160524091521', '52', '', '', '2016-05-24 00:15:21'),
(0, '21', 'X_20160524091526', '52', '', '', '2016-05-24 00:15:26'),
(0, '1', 'X_20160524091545', '52', '', '', '2016-05-24 00:15:45'),
(0, '2', 'X_20160524091553', '52', '', '', '2016-05-24 00:15:53'),
(0, '3', 'X_20160524091556', '52', '', '', '2016-05-24 00:15:56'),
(0, '4', 'X_20160524091600', '52', '', '', '2016-05-24 00:16:00'),
(0, '5', 'X_20160524092234', '52', '', '', '2016-05-24 00:22:34'),
(0, '6', 'X_20160524092239', '52', '', '', '2016-05-24 00:22:39'),
(0, '7', 'X_20160524092243', '52', '', '', '2016-05-24 00:22:43'),
(0, '8', 'X_20160524092245', '52', '', '', '2016-05-24 00:22:45'),
(0, '9', 'X_20160524092250', '52', '', '', '2016-05-24 00:22:50'),
(0, '13', 'X_20160524092253', '52', '', '', '2016-05-24 00:22:53'),
(0, '14', 'X_20160524092255', '52', '', '', '2016-05-24 00:22:55'),
(0, '15', 'X_20160524092258', '52', '', '', '2016-05-24 00:22:58'),
(0, '16', 'X_20160524092300', '52', '', '', '2016-05-24 00:23:00'),
(0, '17', 'X_20160524092303', '52', '', '', '2016-05-24 00:23:03'),
(0, '19', 'X_20160524092322', '26', '', '', '2016-05-24 00:23:22'),
(0, '20', 'X_20160524092325', '26', '', '', '2016-05-24 00:23:25'),
(0, '21', 'X_20160524092328', '26', '', '', '2016-05-24 00:23:28'),
(0, '1', 'X_20160524092331', '26', '', '', '2016-05-24 00:23:31'),
(0, '2', 'X_20160524092333', '26', '', '', '2016-05-24 00:23:33'),
(0, '3', 'X_20160524092335', '26', '', '', '2016-05-24 00:23:35'),
(0, '4', 'X_20160524092338', '26', '', '', '2016-05-24 00:23:38'),
(0, '5', 'X_20160524092340', '26', '', '', '2016-05-24 00:23:40'),
(0, '6', 'X_20160524092343', '26', '', '', '2016-05-24 00:23:43'),
(0, '7', 'X_20160524092345', '26', '', '', '2016-05-24 00:23:45'),
(0, '8', 'X_20160524092348', '26', '', '', '2016-05-24 00:23:48'),
(0, '9', 'X_20160524092349', '26', '', '', '2016-05-24 00:23:49'),
(0, '10', 'X_20160524092352', '26', '', '', '2016-05-24 00:23:52'),
(0, '11', 'X_20160524092354', '26', '', '', '2016-05-24 00:23:54'),
(0, '12', 'X_20160524092357', '26', '', '', '2016-05-24 00:23:57'),
(0, '13', 'X_20160524092400', '26', '', '', '2016-05-24 00:24:00'),
(0, '14', 'X_20160524092402', '26', '', '', '2016-05-24 00:24:02'),
(0, '15', 'X_20160524092404', '26', '', '', '2016-05-24 00:24:04'),
(0, '16', 'X_20160524092406', '26', '', '', '2016-05-24 00:24:06'),
(0, '17', 'X_20160524092408', '26', '', '', '2016-05-24 00:24:08'),
(0, '11', 'X_20160530102213', '19', '', '', '2016-05-30 01:22:13'),
(0, '10', 'X_20160530102208', '19', '', '', '2016-05-30 01:22:08'),
(0, '14', '225269', '10', '', '', '2016-05-27 02:36:06'),
(0, '1', 'X_20160524092544', '51', '', '', '2016-05-24 00:25:44'),
(0, '2', 'X_20160524092546', '51', '', '', '2016-05-24 00:25:46'),
(0, '3', 'X_20160524092549', '51', '', '', '2016-05-24 00:25:49'),
(0, '4', 'X_20160524092551', '51', '', '', '2016-05-24 00:25:51'),
(0, '5', 'X_20160524092553', '51', '', '', '2016-05-24 00:25:53'),
(0, '6', 'X_20160524092555', '51', '', '', '2016-05-24 00:25:55'),
(0, '7', 'X_20160524092556', '51', '', '', '2016-05-24 00:25:56'),
(0, '8', 'X_20160524092558', '51', '', '', '2016-05-24 00:25:58'),
(0, '9', 'X_20160524092601', '51', '', '', '2016-05-24 00:26:01'),
(0, '10', 'X_20160524092617', '51', '', '', '2016-05-24 00:26:17'),
(0, '11', 'X_20160524092618', '51', '', '', '2016-05-24 00:26:18'),
(0, '12', 'X_20160524092620', '51', '', '', '2016-05-24 00:26:20'),
(0, '13', 'X_20160524092623', '51', '', '', '2016-05-24 00:26:23'),
(0, '14', 'X_20160524092625', '51', '', '', '2016-05-24 00:26:25'),
(0, '15', 'X_20160524092627', '51', '', '', '2016-05-24 00:26:27'),
(0, '16', 'X_20160524092629', '51', '', '', '2016-05-24 00:26:29'),
(0, '17', 'X_20160524092631', '51', '', '', '2016-05-24 00:26:31'),
(0, '19', 'X_20160524092643', '42', '', '', '2016-05-24 00:26:43'),
(0, '20', 'X_20160524092645', '42', '', '', '2016-05-24 00:26:45'),
(0, '21', 'X_20160524092723', '42', '', '', '2016-05-24 00:27:23'),
(0, '1', 'X_20160524092726', '42', '', '', '2016-05-24 00:27:26'),
(0, '2', 'X_20160524092729', '42', '', '', '2016-05-24 00:27:29'),
(0, '3', 'X_20160524092731', '42', '', '', '2016-05-24 00:27:31'),
(0, '4', 'X_20160524092736', '42', '', '', '2016-05-24 00:27:36'),
(0, '5', 'X_20160524092738', '42', '', '', '2016-05-24 00:27:38'),
(0, '6', 'X_20160524092740', '42', '', '', '2016-05-24 00:27:40'),
(0, '7', 'X_20160524092743', '42', '', '', '2016-05-24 00:27:43'),
(0, '8', 'X_20160524092746', '42', '', '', '2016-05-24 00:27:46'),
(0, '9', 'X_20160524092747', '42', '', '', '2016-05-24 00:27:47'),
(0, '10', 'X_20160524092750', '42', '', '', '2016-05-24 00:27:50'),
(0, '11', 'X_20160524092752', '42', '', '', '2016-05-24 00:27:52'),
(0, '12', 'X_20160524092754', '42', '', '', '2016-05-24 00:27:54'),
(0, '13', 'X_20160524092757', '42', '', '', '2016-05-24 00:27:57'),
(0, '14', 'X_20160524092759', '42', '', '', '2016-05-24 00:27:59'),
(0, '15', 'X_20160524092802', '42', '', '', '2016-05-24 00:28:02'),
(0, '16', 'X_20160524092805', '42', '', '', '2016-05-24 00:28:05'),
(0, '17', 'X_20160524092808', '42', '', '', '2016-05-24 00:28:08'),
(0, '10', 'X_20160524092830', '7', '', '', '2016-05-24 00:28:30'),
(0, '11', 'X_20160524092832', '7', '', '', '2016-05-24 00:28:32'),
(0, '12', 'X_20160524092833', '7', '', '', '2016-05-24 00:28:33'),
(0, '13', 'X_20160524092835', '7', '', '', '2016-05-24 00:28:35'),
(0, '14', 'X_20160524092837', '7', '', '', '2016-05-24 00:28:37'),
(0, '15', 'X_20160524092840', '7', '', '', '2016-05-24 00:28:40'),
(0, '16', 'X_20160524092842', '7', '', '', '2016-05-24 00:28:42'),
(0, '17', 'X_20160524092845', '7', '', '', '2016-05-24 00:28:45'),
(0, '19', 'X_20160524095502', '44', '', '', '2016-05-24 00:55:02'),
(0, '20', 'X_20160524095505', '44', '', '', '2016-05-24 00:55:05'),
(0, '21', 'X_20160524095507', '44', '', '', '2016-05-24 00:55:07'),
(0, '1', 'X_20160524095510', '44', '', '', '2016-05-24 00:55:10'),
(0, '2', 'X_20160524095514', '44', '', '', '2016-05-24 00:55:14'),
(0, '3', 'X_20160524095516', '44', '', '', '2016-05-24 00:55:16'),
(0, '4', 'X_20160524095519', '44', '', '', '2016-05-24 00:55:19'),
(0, '5', 'X_20160524095522', '44', '', '', '2016-05-24 00:55:22'),
(0, '6', 'X_20160524095524', '44', '', '', '2016-05-24 00:55:24'),
(0, '7', 'X_20160524095527', '44', '', '', '2016-05-24 00:55:27'),
(0, '8', 'X_20160524095530', '44', '', '', '2016-05-24 00:55:30'),
(0, '9', 'X_20160524095533', '44', '', '', '2016-05-24 00:55:33'),
(0, '10', 'X_20160524095536', '44', '', '', '2016-05-24 00:55:36'),
(0, '11', 'X_20160524095538', '44', '', '', '2016-05-24 00:55:38'),
(0, '12', 'X_20160524095540', '44', '', '', '2016-05-24 00:55:40'),
(0, '13', 'X_20160524095543', '44', '', '', '2016-05-24 00:55:43'),
(0, '14', 'X_20160524095548', '44', '', '', '2016-05-24 00:55:48'),
(0, '15', 'X_20160524095552', '44', '', '', '2016-05-24 00:55:52'),
(0, '16', 'X_20160524095554', '44', '', '', '2016-05-24 00:55:54'),
(0, '17', 'X_20160524095557', '44', '', '', '2016-05-24 00:55:57'),
(0, '19', 'X_20160524095607', '40', '', '', '2016-05-24 00:56:07'),
(0, '20', 'X_20160524095613', '40', '', '', '2016-05-24 00:56:13'),
(0, '21', 'X_20160524095616', '40', '', '', '2016-05-24 00:56:16'),
(0, '1', 'X_20160524095618', '40', '', '', '2016-05-24 00:56:18'),
(0, '2', 'X_20160524095620', '40', '', '', '2016-05-24 00:56:20'),
(0, '3', 'X_20160524095623', '40', '', '', '2016-05-24 00:56:23'),
(0, '4', 'X_20160524095627', '40', '', '', '2016-05-24 00:56:27'),
(0, '5', 'X_20160524095629', '40', '', '', '2016-05-24 00:56:29'),
(0, '6', 'X_20160524095630', '40', '', '', '2016-05-24 00:56:30'),
(0, '7', 'X_20160524095632', '40', '', '', '2016-05-24 00:56:32'),
(0, '8', 'X_20160524095634', '40', '', '', '2016-05-24 00:56:34'),
(0, '9', 'X_20160524095636', '40', '', '', '2016-05-24 00:56:36'),
(0, '10', 'X_20160524095637', '40', '', '', '2016-05-24 00:56:37'),
(0, '11', 'X_20160524095640', '40', '', '', '2016-05-24 00:56:40'),
(0, '12', 'X_20160524095641', '40', '', '', '2016-05-24 00:56:41'),
(0, '13', 'X_20160524095644', '40', '', '', '2016-05-24 00:56:44'),
(0, '14', 'X_20160524095646', '40', '', '', '2016-05-24 00:56:46'),
(0, '15', 'X_20160524095648', '40', '', '', '2016-05-24 00:56:48'),
(0, '16', 'X_20160524095649', '40', '', '', '2016-05-24 00:56:49'),
(0, '17', 'X_20160524095651', '40', '', '', '2016-05-24 00:56:51'),
(0, '19', 'X_20160524100210', '33', '', '', '2016-05-24 01:02:10'),
(0, '20', 'X_20160524100212', '33', '', '', '2016-05-24 01:02:12'),
(0, '21', 'X_20160524100214', '33', '', '', '2016-05-24 01:02:14'),
(0, '1', 'X_20160524100218', '33', '', '', '2016-05-24 01:02:18'),
(0, '2', 'X_20160524100219', '33', '', '', '2016-05-24 01:02:19'),
(0, '3', 'X_20160524100221', '33', '', '', '2016-05-24 01:02:21'),
(0, '4', 'X_20160524100223', '33', '', '', '2016-05-24 01:02:23'),
(0, '10', 'X_20160524100225', '33', '', '', '2016-05-24 01:02:25'),
(0, '11', 'X_20160524100227', '33', '', '', '2016-05-24 01:02:27'),
(0, '12', 'X_20160524100228', '33', '', '', '2016-05-24 01:02:28'),
(0, '13', 'X_20160524100230', '33', '', '', '2016-05-24 01:02:30'),
(0, '17', 'X_20160524100232', '33', '', '', '2016-05-24 01:02:32'),
(0, '19', 'X_20160524102154', '48', '', '', '2016-05-24 01:21:54'),
(0, '20', 'X_20160524102156', '48', '', '', '2016-05-24 01:21:56'),
(0, '21', 'X_20160524102158', '48', '', '', '2016-05-24 01:21:58'),
(0, '1', 'X_20160524102159', '48', '', '', '2016-05-24 01:21:59'),
(0, '2', 'X_20160524102201', '48', '', '', '2016-05-24 01:22:01'),
(0, '3', 'X_20160524102202', '48', '', '', '2016-05-24 01:22:02'),
(0, '4', 'X_20160524102204', '48', '', '', '2016-05-24 01:22:04'),
(0, '5', 'X_20160524102208', '48', '', '', '2016-05-24 01:22:08'),
(0, '6', 'X_20160524102209', '48', '', '', '2016-05-24 01:22:09'),
(0, '7', 'X_20160524102211', '48', '', '', '2016-05-24 01:22:11'),
(0, '8', 'X_20160524102213', '48', '', '', '2016-05-24 01:22:13'),
(0, '9', 'X_20160524102215', '48', '', '', '2016-05-24 01:22:15'),
(0, '10', 'X_20160524102217', '48', '', '', '2016-05-24 01:22:17'),
(0, '11', 'X_20160524102218', '48', '', '', '2016-05-24 01:22:18'),
(0, '12', 'X_20160524102220', '48', '', '', '2016-05-24 01:22:20'),
(0, '13', 'X_20160524102221', '48', '', '', '2016-05-24 01:22:21'),
(0, '14', 'X_20160524102222', '48', '', '', '2016-05-24 01:22:22'),
(0, '15', 'X_20160524102223', '48', '', '', '2016-05-24 01:22:23'),
(0, '16', 'X_20160524102225', '48', '', '', '2016-05-24 01:22:25'),
(0, '17', 'X_20160524102227', '48', '', '', '2016-05-24 01:22:27'),
(0, '19', 'X_20160524102245', '54', '', '', '2016-05-24 01:22:45'),
(0, '20', 'X_20160524102250', '54', '', '', '2016-05-24 01:22:50'),
(0, '21', 'X_20160524102253', '54', '', '', '2016-05-24 01:22:53'),
(0, '1', 'X_20160524102254', '54', '', '', '2016-05-24 01:22:54'),
(0, '2', 'X_20160524102256', '54', '', '', '2016-05-24 01:22:56'),
(0, '3', 'X_20160524102258', '54', '', '', '2016-05-24 01:22:58'),
(0, '4', 'X_20160524102300', '54', '', '', '2016-05-24 01:23:00'),
(0, '5', 'X_20160524102302', '54', '', '', '2016-05-24 01:23:02'),
(0, '6', 'X_20160524102304', '54', '', '', '2016-05-24 01:23:04'),
(0, '7', 'X_20160524102306', '54', '', '', '2016-05-24 01:23:06'),
(0, '8', 'X_20160524102308', '54', '', '', '2016-05-24 01:23:08'),
(0, '9', 'X_20160524102311', '54', '', '', '2016-05-24 01:23:11'),
(0, '10', 'X_20160524102314', '54', '', '', '2016-05-24 01:23:14'),
(0, '11', 'X_20160524102315', '54', '', '', '2016-05-24 01:23:15'),
(0, '12', 'X_20160524102317', '54', '', '', '2016-05-24 01:23:17'),
(0, '13', 'X_20160524102319', '54', '', '', '2016-05-24 01:23:19'),
(0, '14', 'X_20160524102321', '54', '', '', '2016-05-24 01:23:21'),
(0, '15', 'X_20160524102323', '54', '', '', '2016-05-24 01:23:23'),
(0, '16', 'X_20160524102325', '54', '', '', '2016-05-24 01:23:25'),
(0, '17', 'X_20160524102327', '54', '', '', '2016-05-24 01:23:27'),
(0, '19', 'X_20160524102411', '8', '', '', '2016-05-24 01:24:11'),
(0, '20', 'X_20160524102413', '8', '', '', '2016-05-24 01:24:13'),
(0, '21', 'X_20160524102415', '8', '', '', '2016-05-24 01:24:15'),
(0, '1', 'X_20160524102419', '8', '', '', '2016-05-24 01:24:19'),
(0, '2', 'X_20160524102420', '8', '', '', '2016-05-24 01:24:20'),
(0, '3', 'X_20160524102422', '8', '', '', '2016-05-24 01:24:22'),
(0, '4', 'X_20160524102423', '8', '', '', '2016-05-24 01:24:23'),
(0, '5', 'X_20160524102425', '8', '', '', '2016-05-24 01:24:25'),
(0, '6', 'X_20160524102427', '8', '', '', '2016-05-24 01:24:27'),
(0, '7', 'X_20160524102429', '8', '', '', '2016-05-24 01:24:29'),
(0, '8', 'X_20160524102431', '8', '', '', '2016-05-24 01:24:31'),
(0, '9', 'X_20160524102432', '8', '', '', '2016-05-24 01:24:32'),
(0, '10', 'X_20160524102434', '8', '', '', '2016-05-24 01:24:34'),
(0, '11', 'X_20160524102435', '8', '', '', '2016-05-24 01:24:35'),
(0, '12', 'X_20160524102436', '8', '', '', '2016-05-24 01:24:36'),
(0, '13', 'X_20160524102438', '8', '', '', '2016-05-24 01:24:38'),
(0, '14', 'X_20160524102440', '8', '', '', '2016-05-24 01:24:40'),
(0, '15', 'X_20160524102441', '8', '', '', '2016-05-24 01:24:41'),
(0, '16', 'X_20160524102442', '8', '', '', '2016-05-24 01:24:42'),
(0, '17', 'X_20160524102444', '8', '', '', '2016-05-24 01:24:44'),
(0, '19', 'X_20160525111650', '23', '', '', '2016-05-25 02:16:50'),
(0, '20', 'X_20160525111656', '23', '', '', '2016-05-25 02:16:56'),
(0, '21', 'X_20160525111703', '23', '', '', '2016-05-25 02:17:03'),
(0, '3', 'X_20160525111735', '23', '', '', '2016-05-25 02:17:35'),
(0, '4', 'X_20160525111743', '23', '', '', '2016-05-25 02:17:43'),
(0, '5', 'X_20160525111807', '23', '', '', '2016-05-25 02:18:07'),
(0, '6', 'X_20160525111813', '23', '', '', '2016-05-25 02:18:13'),
(0, '7', 'X_20160525111818', '23', '', '', '2016-05-25 02:18:18'),
(0, '8', 'X_20160525111823', '23', '', '', '2016-05-25 02:18:23'),
(0, '9', 'X_20160525111829', '23', '', '', '2016-05-25 02:18:29'),
(0, '12', 'X_20160607120855', '23', '', '', '2016-06-07 03:08:55'),
(0, '11', 'X_20160607120848', '23', '', '', '2016-06-07 03:08:48'),
(0, '14', 'X_20160525111904', '23', '', '', '2016-05-25 02:19:04'),
(0, '15', 'X_20160525111910', '23', '', '', '2016-05-25 02:19:10'),
(0, '16', 'X_20160525111915', '23', '', '', '2016-05-25 02:19:15'),
(0, '17', 'X_20160525111924', '23', '', '', '2016-05-25 02:19:24'),
(0, '20', '219755', '51', '', '16:30-17:00', '2016-06-06 04:32:45'),
(0, '19', '194718', '51', '', '', '2016-05-25 04:29:33'),
(0, '5', '242245', '33', 'ID', '', '2016-05-25 04:30:22'),
(0, '1', '242245', '24', 'ID', '', '2016-05-25 04:32:44'),
(0, '10', '242245', '36', '', '', '2016-05-25 04:33:25'),
(0, '6', '242245', '46', '', '', '2016-05-25 04:34:00'),
(0, '3', '242245', '57', 'ID', '', '2016-05-25 04:34:19'),
(0, '6', '194718', '33', '', '', '2016-05-25 04:35:15'),
(0, '1', '194718', '27', 'ID', '', '2016-05-25 04:35:41'),
(0, '11', '194718', '36', '', '', '2016-05-25 04:36:20'),
(0, '3', '194718', '7', '', '', '2016-05-25 04:37:16'),
(0, '1', '242210', '57', 'ID', '', '2016-05-25 04:39:15'),
(0, '3', '242210', '20', 'ID', '', '2016-05-25 04:41:39'),
(0, '12', '242210', '63', '', '', '2016-05-26 05:39:45'),
(0, '7', '242210', '19', '', '', '2016-05-25 04:52:10'),
(0, '4', '242210', '35', '', '', '2016-06-06 09:20:29'),
(0, '5', '242210', '25', '', '', '2016-05-25 04:52:00'),
(0, '10', 'X_20160525135307', '25', '', '', '2016-05-25 04:53:07'),
(0, '11', 'X_20160525135311', '25', '', '', '2016-05-25 04:53:11'),
(0, '12', 'X_20160525135314', '25', '', '', '2016-05-25 04:53:14'),
(0, '13', 'X_20160525135317', '25', '', '', '2016-05-25 04:53:17'),
(0, '14', 'X_20160525135320', '25', '', '', '2016-05-25 04:53:20'),
(0, '15', 'X_20160525135323', '25', '', '', '2016-05-25 04:53:23'),
(0, '16', 'X_20160525135327', '25', '', '', '2016-05-25 04:53:27'),
(0, '17', 'X_20160525135330', '25', '', '', '2016-05-25 04:53:30'),
(0, '19', 'X_20160525135347', '20', '', '', '2016-05-25 04:53:47'),
(0, '20', 'X_20160525135350', '20', '', '', '2016-05-25 04:53:50'),
(0, '21', 'X_20160525135353', '20', '', '', '2016-05-25 04:53:53'),
(0, '2', '246990', '57', '', '', '2016-05-25 04:54:25'),
(0, '1', '246990', '25', 'ID', '', '2016-05-25 04:55:06'),
(0, '7', '246990', '33', '', '', '2016-05-25 04:55:42'),
(0, '5', '246990', '46', '', '', '2016-05-25 04:56:14'),
(0, '12', '246990', '9', '', '', '2016-05-26 05:33:18'),
(0, '7', '203010', '46', '', '', '2016-05-25 07:10:38'),
(0, '1', '203010', '35', 'ID', '', '2016-05-25 07:11:17'),
(0, '2', '203010', '24', '', '', '2016-05-25 07:12:08'),
(0, '6', '203010', '25', '', '', '2016-05-25 07:13:51'),
(0, '12', '203010', '38', '', '', '2016-05-26 05:32:25'),
(0, '1', '219755', '23', 'ID', '', '2016-05-25 07:20:12'),
(0, '3', '219755', '13', '', '', '2016-05-25 07:22:50'),
(0, '12', '219755', '36', '', '', '2016-05-25 07:23:08'),
(0, '5', '219755', '63', '', '', '2016-05-25 07:23:28'),
(0, '2', '256423', '23', 'ID', '', '2016-05-25 07:24:07'),
(0, '4', '256423', '25', '', '', '2016-05-25 07:30:31'),
(0, '5', '256423', '36', '', '', '2016-05-25 07:31:40'),
(0, '7', '256423', '24', '', '', '2016-05-25 07:31:58'),
(0, '12', '256423', '15', '', '', '2016-05-26 05:26:07'),
(0, '10', '220180', '23', '', '', '2016-05-25 07:33:08'),
(0, '1', '220180', '63', 'ID', '', '2016-05-25 07:33:31'),
(0, '2', '220180', '62', '', '', '2016-05-25 07:33:48'),
(0, '5', '220180', '43', '', '', '2016-05-25 07:34:24'),
(0, '7', '220180', '13', '', '', '2016-05-25 07:34:41'),
(0, '13', '261112', '23', '', '', '2016-06-07 03:09:05'),
(0, '1', '261112', '13', 'ID', '', '2016-05-25 07:35:44'),
(0, '8', '261112', '25', '', '', '2016-05-25 08:35:22'),
(0, '5', '261112', '58', '', '', '2016-05-25 07:38:42'),
(0, '6', '261112', '63', '', '', '2016-05-25 07:39:04'),
(0, '3', '261112', '38', '', '', '2016-05-25 07:39:51'),
(0, '4', '255905', '6', 'ID', '', '2016-05-25 07:54:23'),
(0, '11', '255905', '38', '', '', '2016-05-25 07:42:20'),
(0, '7', '255905', '63', '', '', '2016-05-25 07:43:09'),
(0, '6', '255905', '64', '', '', '2016-05-25 07:43:51'),
(0, '1', '255905', '43', '', '', '2016-05-25 07:44:29'),
(0, '11', '242380', '6', '', '', '2016-05-25 07:56:23'),
(0, '1', '255740', '38', '', '', '2016-06-02 04:45:13'),
(0, '10', '255740', '6', '', '', '2016-05-25 07:55:16'),
(0, '6', '255740', '43', 'ID', '', '2016-06-02 04:45:31'),
(0, '7', '255740', '21', '', '', '2016-05-25 07:47:42'),
(0, '1', '250233', '7', 'ID', '', '2016-05-25 07:48:25'),
(0, '2', '255740', '45', '', '', '2016-05-25 07:55:43'),
(0, '12', '250233', '6', '', '', '2016-05-25 07:56:50'),
(0, '1', '197909', '20', 'ID', '', '2016-05-25 08:09:05'),
(0, '10', '197909', '39', '', '', '2016-05-25 08:10:10'),
(0, '3', '197909', '19', '', '', '2016-05-25 08:11:17'),
(0, '5', '197909', '38', '', '', '2016-05-25 08:11:52'),
(0, '6', '197909', '10', '', '', '2016-05-25 08:12:21'),
(0, '13', '225269', '64', '', '', '2016-05-31 06:33:24'),
(0, '12', '225269', '58', '', '10:50-11:20', '2016-05-27 02:34:59'),
(0, '1', '229175', '31', 'ID', '', '2016-05-25 08:16:40'),
(0, '2', '229175', '20', '', '', '2016-05-25 08:16:49'),
(0, '7', '229175', '58', '', '', '2016-05-25 08:18:01'),
(0, '5', '229175', '37', '', '', '2016-05-25 08:18:17'),
(0, '11', '229175', '10', '', '', '2016-05-25 08:18:35'),
(0, '6', '229215', '37', '', '', '2016-05-25 08:19:21'),
(0, '5', '229215', '20', '', '', '2016-05-25 08:20:27'),
(0, '1', '229215', '19', 'ID', '', '2016-05-25 08:21:14'),
(0, '3', '229215', '21', '', '', '2016-05-25 08:22:34'),
(0, '12', '229215', '61', '', '', '2016-05-25 08:22:56'),
(0, '3', '252050', '31', 'ID', '', '2016-05-25 08:25:48'),
(0, '7', '252050', '20', '', '', '2016-05-25 08:27:16'),
(0, '5', '252050', '19', '', '', '2016-05-25 08:27:42'),
(0, '12', '252050', '21', '', '', '2016-05-25 08:28:43'),
(0, '1', '252050', '62', '', '', '2016-05-25 08:29:20'),
(0, '6', '256211', '20', '', '', '2016-05-25 08:30:28'),
(0, '7', '256211', '37', '', '', '2016-05-25 08:30:55'),
(0, '2', '256211', '19', 'ID', '', '2016-05-25 08:31:36'),
(0, '3', '256211', '49', '', '', '2016-05-25 08:32:02'),
(0, '11', '256211', '39', '', '', '2016-05-25 08:32:24'),
(0, '8', '264301', '20', '', '', '2016-05-25 08:33:21'),
(0, '2', '250554', '31', 'ID', '', '2016-05-25 08:53:48'),
(0, '3', '250554', '36', '', '', '2016-05-25 08:57:05'),
(0, '11', '250554', '21', '', '', '2016-05-25 08:58:59'),
(0, '5', '250554', '5', '', '', '2016-05-25 08:59:25'),
(0, '7', '250554', '43', '', '', '2016-05-25 08:59:34'),
(0, '2', '197220', '7', 'ID', '', '2016-05-25 09:01:47'),
(0, '5', '197220', '9', '', '', '2016-05-25 09:02:57'),
(0, '6', '197220', '36', '', '', '2016-05-25 09:03:20'),
(0, '2', '257936', '63', '', '', '2016-06-06 05:06:47'),
(0, '1', '197220', '45', '', '', '2016-05-25 09:04:29'),
(0, '5', '225116', '7', 'ID', '', '2016-05-25 09:05:01'),
(0, '12', '225116', '49', '', '', '2016-05-25 09:06:26'),
(0, '6', '225116', '45', '', '', '2016-05-25 09:06:55'),
(0, '1', '225116', '64', '', '', '2016-05-25 09:07:35'),
(0, '3', '225116', '58', '', '', '2016-05-25 09:07:42'),
(0, '21', '212367', '7', '', '', '2016-06-02 02:22:52'),
(0, '1', '206732', '61', 'ID', '', '2016-05-25 09:08:57'),
(0, '2', '206732', '39', '', '', '2016-05-27 00:11:34'),
(0, '8', '206732', '62', '', '', '2016-05-25 09:16:18'),
(0, '10', '206732', '64', '', '', '2016-05-25 09:17:00'),
(0, '1', '211915', '9', 'ID', '', '2016-05-25 09:17:24'),
(0, '2', '211915', '27', '', '', '2016-05-25 09:18:17'),
(0, '20', '211915', '7', '', '', '2016-06-02 02:22:34'),
(0, '5', '211915', '13', '', '', '2016-05-25 09:19:13'),
(0, '12', '211915', '64', '', '', '2016-05-25 09:19:40'),
(0, '19', '206732', '7', '', '', '2016-06-02 02:22:19'),
(0, '3', '212367', '27', '', '', '2016-05-25 09:20:40'),
(0, '1', '212367', '49', 'ID', '', '2016-05-25 09:20:58'),
(0, '6', '212367', '13', '', '', '2016-05-25 09:21:36'),
(0, '11', '212367', '64', '', '', '2016-05-25 09:21:56'),
(0, '2', '249944', '25', 'ID', '', '2016-05-25 09:27:05'),
(0, '1', '249944', '58', '', '', '2016-05-25 09:30:42'),
(0, '7', '249944', '15', '', '', '2016-05-25 11:11:31'),
(0, '6', '249944', '24', '', '', '2016-05-25 09:32:33'),
(0, '10', '249944', '35', '', '', '2016-05-25 09:34:49'),
(0, '3', '249944', '63', '', '', '2016-05-25 09:35:04'),
(0, '2', '222386', '58', '', '', '2016-05-25 09:39:50'),
(0, '3', '222386', '43', '', '', '2016-05-25 09:39:55'),
(0, '12', '222386', '35', '', '', '2016-05-25 09:40:47'),
(0, '5', '222386', '24', 'ID', '', '2016-05-25 09:41:17'),
(0, '7', '222386', '10', '', '', '2016-05-25 09:42:16'),
(0, '11', '242245', '35', '', '', '2016-05-25 09:43:23'),
(0, '1', '241023', '15', 'ID', '', '2016-05-25 09:44:16'),
(0, '2', '241023', '35', '', '', '2016-05-25 09:45:34'),
(0, '10', '256173', '63', '', '', '2016-06-06 05:10:57'),
(0, '8', '241023', '24', '', '', '2016-05-25 09:47:02'),
(0, '11', '241023', '63', '', '', '2016-05-25 09:48:14'),
(0, '4', '222386', '39', 'UO', '', '2016-06-08 00:06:54'),
(0, '5', '242380', '31', '', '', '2016-05-25 09:50:23'),
(0, '2', '242380', '49', 'ID', '', '2016-05-25 09:50:46'),
(0, '3', '242380', '45', '', '', '2016-05-25 09:55:06'),
(0, '7', '242380', '38', '', '', '2016-05-25 09:55:36'),
(0, '1', '249978', '39', 'ID', '', '2016-05-25 09:57:12'),
(0, '6', '249978', '31', '', '', '2016-05-25 09:59:12'),
(0, '7', '249978', '5', '', '', '2016-05-25 09:59:26'),
(0, '11', '249978', '61', '', '', '2016-05-25 09:59:53'),
(0, '2', '249978', '21', '', '', '2016-05-25 10:00:23'),
(0, '1', '252359', '36', 'ID', '', '2016-05-25 10:01:54'),
(0, '7', '252359', '31', '', '', '2016-05-25 10:04:21'),
(0, '12', '252359', '39', '', '', '2016-05-25 10:02:51'),
(0, '6', '252359', '5', '', '', '2016-05-25 10:04:34'),
(0, '4', '252359', '24', '', '', '2016-05-25 11:17:29'),
(0, '2', '256173', '13', 'ID', '', '2016-05-25 10:05:35'),
(0, '3', '256173', '24', '', '', '2016-05-25 11:17:15'),
(0, '7', '256173', '25', '', '', '2016-05-25 10:06:43'),
(0, '6', '256173', '62', '', '', '2016-05-25 10:07:59'),
(0, '10', '197220', '62', '', '', '2016-06-06 05:01:28'),
(0, '10', '257520', '21', '', '', '2016-05-25 10:10:26'),
(0, '2', '257520', '9', 'ID', '', '2016-05-25 10:16:44'),
(0, '3', '257520', '5', '', '', '2016-05-25 10:24:40'),
(0, '6', '257520', '27', '', '', '2016-05-25 10:26:46'),
(0, '8', '257520', '49', '', '', '2016-05-25 10:27:13'),
(0, '5', '198921', '27', 'ID', '', '2016-05-25 10:27:48'),
(0, '2', '198921', '5', '', '', '2016-05-25 10:28:51'),
(0, '3', '198921', '37', '', '', '2016-05-25 10:30:26'),
(0, '7', '198921', '9', '', '', '2016-05-25 10:31:00'),
(0, '12', '198921', '62', '', '', '2016-05-25 10:31:19'),
(0, '5', '257936', '62', 'ID', '', '2016-05-25 10:32:19'),
(0, '4', '257936', '13', '', '', '2016-05-25 10:37:41'),
(0, '8', '257936', '58', '', '', '2016-05-25 10:38:47'),
(0, '10', '257936', '61', '', '', '2016-05-25 10:39:07'),
(0, '3', '232209', '39', '', '', '2016-05-27 00:12:07'),
(0, '1', '232209', '37', 'ID', '', '2016-05-25 10:41:44'),
(0, '12', '232209', '45', '', '', '2016-05-25 10:43:23'),
(0, '8', '232209', '43', '', '', '2016-05-25 10:43:54'),
(0, '6', '232209', '61', '', '', '2016-05-25 10:44:42'),
(0, '6', '229175', '19', '', '', '2016-05-30 00:48:55'),
(0, '6', '239086', '9', 'ID', '', '2016-05-25 10:53:51'),
(0, '4', '239086', '19', '', '', '2016-05-30 00:36:49'),
(0, '2', '239086', '43', '', '', '2016-05-25 11:03:30'),
(0, '3', '239086', '64', '', '', '2016-05-25 11:03:44'),
(0, '8', '239086', '37', '', '', '2016-05-25 11:04:13'),
(0, '3', '264301', '25', '', '', '2016-05-25 11:07:04'),
(0, '2', '264301', '61', '', '', '2016-05-25 11:07:45'),
(0, '12', '264301', '10', '', '', '2016-05-25 11:08:37'),
(0, '7', '264301', '36', '', '', '2016-05-25 11:09:53'),
(0, '5', '264301', '15', 'ID', '', '2016-05-25 11:11:58'),
(0, '4', '256173', '15', '', '', '2016-05-25 11:18:15'),
(0, '12', '256173', 'X_20160606141108', '', '', '2016-06-06 05:11:08'),
(0, '5', '250233', '45', '', '', '2016-05-25 11:24:16'),
(0, '7', '250233', '49', '', '', '2016-05-25 11:24:54'),
(0, '8', 'X_20160606182038', '35', '', '', '2016-06-06 09:20:38'),
(0, '9', 'X_20160606182044', '35', '', '', '2016-06-06 09:20:44'),
(0, '12', '197220', 'X_20160526094626', '', '', '2016-05-26 00:46:26'),
(0, '13', '197220', 'X_20160526094629', '', '', '2016-05-26 00:46:29'),
(0, '12', '194718', 'X_20160526094631', '', '', '2016-05-26 00:46:31'),
(0, '13', '194718', 'X_20160526094634', '', '', '2016-05-26 00:46:34'),
(0, '12', '250554', 'X_20160526094636', '', '', '2016-05-26 00:46:36'),
(0, '13', '250554', 'X_20160526094639', '', '', '2016-05-26 00:46:39'),
(0, '10', '232209', 'X_20160526094641', '', '', '2016-05-26 00:46:41'),
(0, '11', '232209', 'X_20160526094644', '', '', '2016-05-26 00:46:44'),
(0, '10', '222386', 'X_20160526094647', '', '', '2016-05-26 00:46:47'),
(0, '11', '222386', 'X_20160526094650', '', '', '2016-05-26 00:46:50'),
(0, '10', '225116', 'X_20160526094652', '', '', '2016-05-26 00:46:52'),
(0, '11', '225116', 'X_20160526094655', '', '', '2016-05-26 00:46:55'),
(0, '12', '220180', 'X_20160526094658', '', '', '2016-05-26 00:46:58'),
(0, '13', '220180', 'X_20160526094701', '', '', '2016-05-26 00:47:01'),
(0, '12', '197909', 'X_20160526094704', '', '', '2016-05-26 00:47:04'),
(0, '13', '197909', 'X_20160526094707', '', '', '2016-05-26 00:47:07'),
(0, '12', '257936', 'X_20160526094710', '', '', '2016-05-26 00:47:10'),
(0, '13', '257936', 'X_20160526094713', '', '', '2016-05-26 00:47:13'),
(0, '10', '211915', 'X_20160526094718', '', '', '2016-05-26 00:47:18'),
(0, '11', '211915', 'X_20160526094722', '', '', '2016-05-26 00:47:22'),
(0, '12', '249978', 'X_20160526094725', '', '', '2016-05-26 00:47:25'),
(0, '13', '249978', 'X_20160526094728', '', '', '2016-05-26 00:47:28'),
(0, '12', '229175', 'X_20160526094737', '', '', '2016-05-26 00:47:37'),
(0, '13', '229175', 'X_20160526094740', '', '', '2016-05-26 00:47:40'),
(0, '12', '206732', 'X_20160526094744', '', '', '2016-05-26 00:47:44'),
(0, '13', '206732', 'X_20160526094748', '', '', '2016-05-26 00:47:48'),
(0, '12', '256211', 'X_20160526094751', '', '', '2016-05-26 00:47:51'),
(0, '13', '256211', 'X_20160526094755', '', '', '2016-05-26 00:47:55'),
(0, '10', '252359', 'X_20160526094801', '', '', '2016-05-26 00:48:01'),
(0, '11', '252359', 'X_20160526094807', '', '', '2016-05-26 00:48:07'),
(0, '5', '241023', '61', '', '', '2016-06-06 05:06:12'),
(0, '3', '250233', '61', '', '', '2016-06-06 05:05:42'),
(0, '10', '198921', 'X_20160526094830', '', '', '2016-05-26 00:48:30'),
(0, '11', '198921', 'X_20160526094833', '', '', '2016-05-26 00:48:33'),
(0, '11', '261112', 'X_20160607120723', '', '', '2016-06-07 03:07:23'),
(0, '10', '261112', 'X_20160607120716', '', '', '2016-06-07 03:07:16'),
(0, '11', '256423', 'X_20160526142617', '', '', '2016-05-26 05:26:17'),
(0, '10', '256423', 'X_20160526142613', '', '', '2016-05-26 05:26:13'),
(0, '11', '203010', 'X_20160526143235', '', '', '2016-05-26 05:32:35'),
(0, '10', '203010', 'X_20160526143230', '', '', '2016-05-26 05:32:30'),
(0, '11', '246990', 'X_20160526143331', '', '', '2016-05-26 05:33:31'),
(0, '10', '246990', 'X_20160526143325', '', '', '2016-05-26 05:33:25'),
(0, '10', '250233', 'X_20160526094906', '', '', '2016-05-26 00:49:06'),
(0, '11', '250233', 'X_20160526094910', '', '', '2016-05-26 00:49:10'),
(0, '10', '264301', 'X_20160526094915', '', '', '2016-05-26 00:49:15'),
(0, '11', '264301', 'X_20160526094918', '', '', '2016-05-26 00:49:18'),
(0, '11', '239086', 'X_20160531190633', '', '', '2016-05-31 10:06:33'),
(0, '10', '239086', 'X_20160531190625', '', '', '2016-05-31 10:06:25'),
(0, '12', '242245', 'X_20160526094931', '', '', '2016-05-26 00:49:31'),
(0, '13', '242245', 'X_20160526094935', '', '', '2016-05-26 00:49:35'),
(0, '12', '255905', 'X_20160526094943', '', '', '2016-05-26 00:49:43'),
(0, '13', '255905', 'X_20160526094948', '', '', '2016-05-26 00:49:48'),
(0, '12', '242380', 'X_20160526094953', '', '', '2016-05-26 00:49:53'),
(0, '13', '242380', 'X_20160526094959', '', '', '2016-05-26 00:49:59'),
(0, '11', '225269', '37', 'ID', '10:10-10:40', '2016-05-27 02:30:28'),
(0, '10', '225269', '34', '', 'Skype 9:30-10:00', '2016-05-27 05:13:40'),
(0, '12', '241023', 'X_20160526095012', '', '', '2016-05-26 00:50:12'),
(0, '13', '241023', 'X_20160526095016', '', '', '2016-05-26 00:50:16'),
(0, '12', '257520', 'X_20160526095021', '', '', '2016-05-26 00:50:21'),
(0, '13', '257520', 'X_20160526095025', '', '', '2016-05-26 00:50:25'),
(0, '10', '229215', 'X_20160526095035', '', '', '2016-05-26 00:50:35'),
(0, '11', '229215', 'X_20160526095039', '', '', '2016-05-26 00:50:39'),
(0, '11', '242210', 'X_20160526143958', '', '', '2016-05-26 05:39:58'),
(0, '10', '242210', 'X_20160526143954', '', '', '2016-05-26 05:39:54'),
(0, '12', '212367', 'X_20160526095053', '', '', '2016-05-26 00:50:53'),
(0, '13', '212367', 'X_20160526095057', '', '', '2016-05-26 00:50:57'),
(0, '12', '255740', 'X_20160526095101', '', '', '2016-05-26 00:51:01'),
(0, '13', '255740', 'X_20160526095106', '', '', '2016-05-26 00:51:06'),
(0, '10', '252050', 'X_20160526095111', '', '', '2016-05-26 00:51:11'),
(0, '11', '252050', 'X_20160526095115', '', '', '2016-05-26 00:51:15'),
(0, '12', '249944', 'X_20160526095119', '', '', '2016-05-26 00:51:19'),
(0, '13', '249944', 'X_20160526095123', '', '', '2016-05-26 00:51:23'),
(0, '13', '256173', '', 'UO', 'Prof. Konstantinov', '2016-06-08 09:26:37'),
(0, '10', '219755', 'X_20160526095135', '', '', '2016-05-26 00:51:35'),
(0, '11', '219755', 'X_20160526095138', '', '', '2016-05-26 00:51:38'),
(0, '12', 'X_20160530102219', '19', '', '', '2016-05-30 01:22:19'),
(0, '13', 'X_20160530102223', '19', '', '', '2016-05-30 01:22:23'),
(0, '4', '241023', '36', '', '', '2016-06-08 02:04:40'),
(0, '8', '198921', '19', 'UO', '', '2016-06-08 02:10:46'),
(0, '8', '211915', '63', 'UO', '', '2016-06-08 02:13:15'),
(0, '8', '203010', '15', 'UO', '', '2016-06-08 02:20:06'),
(0, '4', '225116', '37', 'UO', '', '2016-06-08 02:22:25'),
(0, '5', '206732', '49', 'UO', '', '2016-06-08 02:29:48'),
(0, '6', '257936', '7', 'UO', '14:35-15:00', '2016-06-08 02:49:31'),
(0, '13', '225116', '6', 'UO', '', '2016-06-08 03:08:24'),
(0, '13', '256423', '35', 'UO', 'and Kumar Abhishek', '2016-06-08 09:25:57'),
(0, '13', '252359', '27', 'UO', '', '2016-06-08 05:25:31'),
(0, '6', '198921', '', 'UO', 'Meeting with Career Advisor', '2016-06-08 05:45:15'),
(0, '10', '241023', '', 'UO', 'Lab Visit: Dani U.', '2016-06-08 08:37:23'),
(0, '14', '242380', '43', 'UO', '', '2016-06-08 10:08:43'),
(0, '16', '246990', '58', 'UO', '', '2016-06-09 00:35:29'),
(0, '16', '250233', '', 'UO', 'Shen', '2016-06-09 00:35:58'),
(0, '15', '241023', '', 'UO', 'Nic Chormaic Lab visit', '2016-06-09 00:37:22'),
(0, '15', '252050', '36', 'UO', '17:00-17:30', '2016-06-09 03:01:01'),
(0, '14', '194718', '38', 'UO', '', '2016-06-09 05:38:16');

-- --------------------------------------------------------

--
-- Table structure for table `student`
--

CREATE TABLE IF NOT EXISTS `student` (
  `embark_id` varchar(16) NOT NULL,
  `name` varchar(128) NOT NULL,
  `field` varchar(128) NOT NULL,
  `panel` varchar(16) NOT NULL,
  `gender` varchar(16) NOT NULL,
  PRIMARY KEY (`embark_id`)
) ENGINE=MyISAM DEFAULT CHARSET=utf8;

--
-- Dumping data for table `student`
--

INSERT INTO `student` (`embark_id`, `name`, `field`, `panel`, `gender`) VALUES
('194718', 'Babu, Swathy', 'Biology', '1', 'F'),
('197220', 'Ahmed, Mai', 'Molecular, Cell & Dev. Bio.', '1', 'F'),
('197909', 'FAN, Min', 'Math & Comp. Sci.', '5', 'M'),
('198921', 'Kutsia, Manana', 'Biomedical', '3', 'F'),
('203010', 'Melville, Scott', 'Physics, Material Sciences', '2', 'M'),
('206732', 'Keneskhanova, Zhibek', 'Molecular, Cell & Dev. Bio.', '1', 'F'),
('211915', 'HU, XUNWU', 'Molecular, Cell & Dev. Bio.', '1', 'M'),
('212367', 'Wang, Ke', 'Molecular, Cell & Dev. Bio.', '1', 'M'),
('219755', 'Zhang, Hongqiu', 'Molecular, Cell & Dev. Bio.', '1', 'M'),
('220180', 'DATU, ELLAINE', 'Physics, Material Sciences', '2', 'F'),
('222386', 'Campbell, Christopher', 'Physics, Material Sciences', '2', 'M'),
('225116', 'Das, Damayantee', 'Molecular, Cell & Dev. Bio.', '1', 'F'),
('225269', 'Rotrattanadumrong, Rachapun', 'Molecular, Cell & Dev. Bio.', '1', 'M'),
('229175', 'Kazantsev, Alexey', 'Math & Comp. Sci.', '5', 'M'),
('229215', 'Svankulov, Nursultan', 'Math & Comp. Sci.', '5', 'M'),
('232209', 'Barua, Agneesh', 'Molecular, Cell & Dev. Bio.', '1', 'M'),
('239086', 'Noureldein, Mohamed', 'Molecular, Cell & Dev. Bio.', '1', 'M'),
('241023', 'SHERNIYOZOV, ANVARJON', 'Physics, Material Sciences', '2', 'M'),
('242210', 'Vergara Pulgar, Andrea Alejandra', 'Engineering', '2', 'F'),
('242245', 'Pathak, Abhishek', 'Engineering', '2', 'M'),
('242380', 'Razbekova, Madina', 'Molecular, Cell & Dev. Bio.', '1', 'F'),
('246990', 'Merin, Merin', 'Physics, Material Sciences', '2', 'F'),
('249944', 'XU, PIAOHAN', 'Physics, Material Sciences', '2', 'M'),
('249978', 'Huang, Jun', 'Neuroscience', '3', 'M'),
('250233', 'MERZHAKUPOVA, DALMIRA', 'Molecular, Cell & Dev. Bio.', '1', 'F'),
('250554', 'Banerji, Shriya', 'Neuroscience', '3', 'F'),
('252050', 'Wirkuttis, Nadine', 'Computer Science', '3', 'F'),
('252359', 'Koronfel, Lina', 'Neuroscience', '3', 'F'),
('255740', 'WANG, MENGLIN', 'Molecular, Cell & Dev. Bio.', '1', 'F'),
('255905', 'Prondzinsky, Alannah Paulina', 'Environ., Ecol., Marine', '4', 'F'),
('256173', 'Kumar, Abhishek', 'Physics, Material Sciences', '2', 'M'),
('256211', 'Kim, Alexandra', 'Math & Comp. Sci.', '5', 'F'),
('256423', 'Maurya, Somendu', 'Physics, Material Sciences', '2', 'M'),
('257520', 'Soumen Jana, Soumen', 'Neuroscience', '3', 'M'),
('257936', 'Garifullina, Ainash', 'Chemistry', '6', 'F'),
('261112', 'Leach, Stephen David', 'Chemistry', '2', 'M'),
('264301', 'Mizutani, Soshi', 'Physics, Material Sciences', '2', 'M');

-- --------------------------------------------------------

--
-- Table structure for table `timeslot`
--

CREATE TABLE IF NOT EXISTS `timeslot` (
  `slot_id` varchar(10) NOT NULL,
  `date` varchar(24) NOT NULL,
  `from` varchar(10) NOT NULL,
  `to` varchar(10) NOT NULL,
  PRIMARY KEY (`slot_id`)
) ENGINE=MyISAM DEFAULT CHARSET=utf8;

--
-- Dumping data for table `timeslot`
--

INSERT INTO `timeslot` (`slot_id`, `date`, `from`, `to`) VALUES
('1', 'Jun 8', '09:30', '10:00'),
('2', 'Jun 8', '10:15', '10:45'),
('3', 'Jun 8', '11:00', '11:30'),
('4', 'Jun 8', '11:45', '12:15'),
('5', 'Jun 8', '14:00', '14:30'),
('6', 'Jun 8', '14:45', '15:15'),
('7', 'Jun 8', '15:30', '16:00'),
('8', 'Jun 8', '16:15', '16:45'),
('9', 'Jun 8', '17:00', '17:30'),
('10', 'Jun 9', '09:15', '09:45'),
('11', 'Jun 9', '10:00', '10:30'),
('12', 'Jun 9', '10:45', '11:15'),
('13', 'Jun 9', '11:30', '12:00'),
('14', 'Jun 9', '16:30', '17:00'),
('15', 'Jun 9', '17:10', '17:40'),
('16', 'Jun 9', '17:50', '18:20'),
('17', 'Jun 9', '18:30', '19:00'),
('18', 'Jun 7', '12:30', '13:00'),
('19', 'Jun 7', '10:00', '10:30'),
('20', 'Jun 7', '10:40', '11:10'),
('21', 'Jun 7', '11:20', '11:50');

/*!40101 SET CHARACTER_SET_CLIENT=@OLD_CHARACTER_SET_CLIENT */;
/*!40101 SET CHARACTER_SET_RESULTS=@OLD_CHARACTER_SET_RESULTS */;
/*!40101 SET COLLATION_CONNECTION=@OLD_COLLATION_CONNECTION */;
